site,reliable,bias,conspiracy,clickbait,unreliable,rumor,fake,blog,junksci,state,hate,satire
100percentfedup.com,0,1,0,0,0,0,0,0,0,0,0,0
365usanews.com,0,1,1,0,0,0,0,0,0,0,0,0
4threvolutionarywar.wordpress.com,0,1,1,0,0,0,0,0,0,0,0,0
aheadoftheherd.com,0,1,0,0,0,0,0,0,0,0,0,0
americablog.com,0,1,0,1,0,0,0,0,0,0,0,0
americanlookout.com,0,1,0,1,0,0,0,0,0,0,0,0
americanpatriotdaily.com,0,1,0,1,0,0,0,0,0,0,0,0
americanthinker.com,0,1,0,0,0,0,0,0,0,0,0,0
americasfreedomfighters.com,0,1,0,1,0,0,0,0,0,0,0,0
AmmoLand.com,0,1,0,0,0,0,0,0,0,0,0,0
anotherdayintheempire.com,0,1,1,0,0,0,0,0,0,0,0,0
antiwar.com,0,1,0,0,1,0,0,0,0,0,0,0
antoniusaquinas.wp.com,0,1,1,0,0,0,0,0,0,0,0,0
bignuggetnews.com,0,1,0,0,0,1,0,0,0,0,0,0
BrotherJohnF.com,0,1,1,0,0,0,0,0,0,0,0,0
centerforsecuritypolicy.org,0,1,1,0,0,0,0,0,0,0,0,0
charismanews.com,0,1,0,0,0,0,0,0,0,0,0,0
citizensunited.org,0,1,0,0,0,0,0,0,0,0,0,0
conservapedia.com,0,1,0,0,0,0,0,0,0,0,0,0
conservativefiringline.com,0,1,1,1,0,0,0,0,0,0,0,0
conservativehq.com,0,1,0,0,0,0,0,0,0,0,0,0
conservativepapers.com,0,1,0,0,0,0,0,0,0,0,0,0
conservativespirit.com,0,1,0,0,0,0,1,0,0,0,0,0
conservativestate.com,0,1,0,0,0,0,0,0,0,0,0,0
conservativetribune.com,0,1,1,0,1,0,0,0,0,0,0,0
countercurrentnews.com,0,1,0,0,0,0,0,0,0,0,0,0
counterjihad.com,0,1,0,0,0,0,0,0,0,0,0,0
cowgernation.com,0,1,1,0,0,0,0,0,0,0,0,0
dailynewsbin.com,0,1,0,1,0,0,0,0,0,0,0,0
dailypoliticsusa.com,0,1,0,0,0,0,0,0,0,0,0,0
dailysignal.com,0,1,0,0,0,0,0,0,0,0,0,0
dailytelegraph.com.au,0,1,0,0,0,1,0,0,0,0,0,0
dailywire.com,0,1,0,0,0,0,0,0,0,0,0,0
darkpolitricks.com,0,1,1,0,0,0,0,0,0,0,0,0
DeadlyClear.wordpress.com,0,1,0,0,0,0,1,0,0,0,0,0
debunkingskeptics.com,0,1,1,0,0,0,0,0,0,0,0,0
defenddemocracy.press,0,1,0,0,0,0,0,0,0,0,0,0
DollarVigilante.com,0,1,0,0,0,0,0,0,0,0,0,0
EagleRising.com,0,1,0,1,0,0,0,0,0,0,0,0
elelephantintheroom.blogspot.com,0,1,0,0,0,0,0,0,0,0,0,0
endingthefed.com,0,1,0,0,0,0,0,0,0,0,0,0
endtime.com,0,1,0,1,0,0,0,0,0,0,0,0
extraclubmagazine.com,0,1,0,1,0,0,1,0,0,0,0,0
federalistpress.com,0,1,0,0,0,0,0,0,0,0,0,0
firearmscoalition.org,0,1,0,0,0,0,0,1,0,0,0,0
freakoutnation.com,0,1,0,0,0,0,0,0,0,0,0,0
FreeBeacon.com,0,1,0,0,0,0,0,0,0,0,0,0
FreedomsPhoenix.com,0,1,1,0,0,0,0,0,0,0,0,0
freedomworldnews.com,0,1,0,0,1,0,0,0,0,0,0,0
frontpagemag.com,0,1,0,0,0,0,0,0,0,0,1,0
gulagbound.com,0,1,0,0,0,0,0,0,0,0,0,0
heartland.org,0,1,0,0,0,0,0,0,0,0,0,0
heresyblog.net,0,1,1,0,0,1,0,0,0,0,0,0
horowitzfreedomcenter.org,0,1,0,0,0,0,0,0,0,0,0,0
ihavethetruth.com,0,1,0,1,0,0,1,0,0,0,0,0
ilovemyfreedom.org,0,1,0,1,0,0,0,0,0,0,0,0
informetoday.com,0,1,0,0,1,0,0,0,0,0,0,0
instaworldnews.com,0,1,0,0,0,0,0,0,0,0,0,0
intrepidreport.com,0,1,0,0,0,0,0,0,0,0,0,0
investmentwatchblog.com,0,1,0,0,0,0,1,0,0,0,0,0
jamesrgrangerjr.com,0,1,0,0,0,0,0,0,0,0,0,0
journal-neo.org,0,1,0,0,0,0,0,0,0,0,0,0
katehon.com,0,1,0,0,0,0,0,0,0,0,0,0
lewrockwell.com,0,1,0,0,1,0,0,0,0,0,0,0
libertyunyielding.com,0,1,0,0,0,0,0,0,0,0,0,0
lifeandabout.com,0,1,0,0,0,0,0,0,0,0,0,0
lifenews.com,0,1,0,1,0,0,0,0,0,0,0,0
liveactionnews.org,0,1,0,0,0,0,0,0,0,0,0,0
makeamericagreattoday.com,0,1,0,0,0,0,1,0,0,0,0,0
meanlefthook.com,0,1,0,1,0,0,0,0,0,0,0,0
molonlabemedia.com,0,1,1,0,0,0,0,0,0,0,0,0
moonofalabama.org,0,1,0,0,0,0,0,0,0,0,0,0
newslogue.com,0,1,0,0,0,0,1,0,0,0,0,0
newsninja2012.com,0,1,0,0,0,0,0,0,0,0,0,0
oathkeepers.org,0,1,0,0,0,0,0,0,0,0,0,0
occupyliberals.com,0,1,0,1,0,0,0,0,0,0,0,0
off-guardian.org,0,1,1,0,0,0,0,0,0,0,0,0
oftwominds.com,0,1,1,0,0,0,0,0,0,0,0,0
openmindmagazine.com,0,1,1,0,0,0,0,0,0,0,0,0
orientalreview.org,0,1,1,0,0,0,0,0,0,0,0,0
palmerreport.com,0,1,0,0,0,0,0,0,0,0,0,0
patdollar.com,0,1,0,1,0,0,0,0,0,0,0,0
patriotchronicle.com,0,1,0,1,0,0,0,0,0,0,0,0
patriotnewsdaily.com,0,1,0,0,0,0,0,0,0,0,0,0
patriotpost.us,0,1,0,0,0,0,0,0,0,0,0,0
patriotrising.com,0,1,1,0,0,0,0,0,0,0,0,0
patriotupdate.com,0,1,1,0,0,0,0,0,0,0,0,0
paulcraigroberts.org,0,1,1,0,0,0,0,0,0,0,0,0
platosguns.com,0,1,1,0,0,0,0,0,0,0,0,0
politicalcult.com,0,1,1,1,0,0,0,0,0,0,0,0
pravda.ru,0,1,1,0,0,1,0,0,0,0,0,0
pravdareport.com,0,1,1,0,0,1,0,0,0,0,0,0
presstv.com,0,1,0,0,1,0,0,0,0,0,0,0
presstv.ir,0,1,0,0,1,0,0,0,0,0,0,0
progressivestoday.com,0,1,0,0,0,0,0,0,0,0,0,0
projectveritas.com,0,1,0,0,1,0,0,0,0,0,0,0
qpolitical.com,0,1,0,1,0,0,0,0,1,0,0,0
readconservatives.news,0,1,0,1,0,0,1,0,0,0,0,0
reagancoalition.com,0,1,0,1,0,0,1,0,0,0,0,0
realtimepolitics.com,0,1,0,0,1,0,0,0,0,0,0,0
redflagnews.com,0,1,1,0,1,0,0,0,0,0,0,0
redstatewatcher.com,0,1,0,1,0,0,0,0,0,0,0,0
regated.com,0,1,0,0,0,0,0,0,0,0,0,0
rightalert.com,0,1,0,0,1,0,0,0,0,0,0,0
rightwingnews.com,0,1,0,0,1,0,0,0,0,0,0,0
russia-insider.com,0,1,0,1,0,0,0,0,0,0,0,0
SJLendman.Blogspot.com,0,1,0,0,0,0,0,0,0,0,0,0
sputniknews.com,0,1,0,0,0,0,1,0,0,1,0,0
thefederalistpapers.org,0,1,1,0,0,0,0,0,0,0,0,0
thegatewaypundit.com,0,1,1,0,1,0,0,0,0,0,0,0
thenewamerican.com,0,1,0,0,0,0,0,0,0,0,0,0
thenewsdoctors.com,0,1,0,0,0,0,0,0,0,0,0,0
therealstrategy.com,0,1,1,0,0,0,0,0,0,0,1,0
thewatchtowers.com,0,1,1,1,0,0,0,0,0,0,0,0
truepundit.com,0,1,0,1,0,0,0,0,0,0,0,0
truthandaction.org,0,1,1,1,0,0,0,0,0,0,0,0
truthkings.com,0,1,1,0,0,0,0,0,1,0,0,0
truthrevolt.org,0,1,0,0,0,0,0,0,0,0,1,0
unclesamsmisguidedchildren.com,0,1,0,0,0,0,0,0,0,0,0,0
unz.com,0,1,0,0,0,0,0,0,0,0,0,0
usapoliticstoday.com,0,1,0,0,1,0,0,0,0,0,0,0
USAWatchdog.com,0,1,0,0,0,0,0,0,0,0,0,0
uschronicle.com,0,1,1,0,0,0,0,0,0,0,1,0
usherald.com,0,1,1,0,0,0,1,0,0,0,0,0
vdare.com,0,1,0,0,0,0,0,0,0,0,1,0
veteranstoday.com,0,1,0,0,1,0,0,0,0,0,0,0
washingtonsblog.com,0,1,1,0,0,0,0,0,0,0,0,1
wearechange.org,0,1,1,0,0,0,0,0,0,0,0,0
westernjournalism.com,0,1,0,1,0,0,0,0,0,0,0,0
winningdemocrats.com,0,1,0,0,1,0,0,0,0,0,0,0
wnd.com,0,1,0,1,1,0,0,0,0,0,0,0
worldnewspolitics.com,0,1,0,0,0,0,0,0,0,0,0,0
Youngcons.com,0,1,0,0,1,0,0,0,0,0,0,0
addictinginfo.org,0,0,0,1,1,0,0,0,0,0,0,0
amplifyingglass.com,0,0,0,1,0,0,0,0,0,0,0,1
amusmentic.com,0,0,0,1,0,1,0,0,0,0,0,0
automotostar.com,0,0,0,1,0,0,0,0,0,0,0,0
bients.com,0,0,0,1,0,0,0,0,0,0,0,0
bigbluevision.org,0,1,0,1,0,0,0,0,0,0,0,0
bipartisanreport.com,0,1,0,1,0,0,0,0,0,0,0,0
blacklistednews.com,0,0,0,1,1,0,0,0,0,0,0,0
bluenationreview.com,0,0,0,1,1,0,0,0,0,0,0,0
breaking911.com,0,0,0,1,1,0,0,0,0,0,0,0
chicksontheright.com,0,1,0,1,0,0,0,0,0,0,0,0
educateinspirechange.org/health,0,0,0,1,0,0,0,0,1,0,0,0
elitereaders.com,0,0,0,1,0,0,0,0,0,0,0,0
heatst.com,0,1,0,1,0,0,0,0,0,0,0,0
indiaarising.com,0,0,0,1,1,0,0,0,0,0,0,0
liberalamerica.org,0,1,0,1,0,0,0,0,0,0,0,0
libertywritersnews.com,0,1,0,1,1,0,0,0,0,0,0,0
lifesitenews.com,0,1,0,1,0,0,0,0,0,0,0,0
lifezette.com,0,0,0,1,0,0,0,0,0,0,0,0
livevote.com,0,0,0,1,0,0,0,0,0,0,0,0
lovethispic.com,0,0,0,1,0,0,0,0,1,0,0,0
notallowedto.com,0,0,0,1,0,0,1,0,0,0,0,0
nymeta.co,0,0,0,1,0,0,0,0,0,0,0,1
occupydemocrats.com,0,1,0,1,1,0,0,0,0,0,0,0
other98.com,0,1,0,1,1,0,0,0,0,0,0,0
politicususa.com,0,0,0,1,1,0,0,0,0,0,0,0
remedydaily.com,0,0,0,1,0,0,0,0,0,0,0,0
topinfopost.com,0,0,1,1,1,0,0,0,0,0,0,0
TrueActivist.com,0,0,0,1,1,0,0,0,0,0,0,0
twitchy.com,0,0,0,1,0,1,0,0,0,0,0,0
uslifetoday.com,0,0,0,1,0,0,0,0,0,0,0,0
usuncut.com,0,1,0,1,1,0,0,0,0,0,0,0
viraltube.nl,0,0,0,1,0,0,0,0,0,0,0,0
yournationnews.com,0,0,0,1,0,0,0,0,0,0,0,0
yournewswire.com,0,0,0,1,0,0,0,0,1,0,0,0
21stcenturywire.com,0,0,1,0,0,0,0,0,0,0,0,0
82.221.129.208,0,0,1,0,0,0,1,0,0,0,0,0
abeldanger.net,0,0,1,0,0,0,0,0,0,0,0,0
abovetopsecret.com,0,0,1,0,0,1,0,0,0,0,0,0
activistpost.com,0,0,1,0,0,0,0,0,0,0,0,0
Alt-Market.com,0,1,1,0,0,0,0,0,0,0,0,0
americanfreepress.net,0,1,1,0,0,0,0,0,0,0,0,0
americanreviewer.com,0,0,1,0,0,0,0,0,0,0,0,0
angrypatriotmovement.com,0,0,1,0,0,0,1,0,0,0,0,0
assassinationscience.com,0,0,1,0,0,0,0,0,1,0,0,0
awarenessact.com,0,0,1,0,0,0,0,0,1,0,0,0
awdnews.com,0,0,1,0,0,0,0,0,0,0,0,0
BB4SP.com,0,1,1,0,0,0,1,0,0,0,0,0
blackgenocide.org,0,1,1,0,0,0,0,0,0,0,1,0
BullionBullsCanada.com,0,0,1,0,0,0,0,0,0,0,0,0
canadafreepress.com,0,1,1,0,0,0,0,0,0,0,0,0
concisepolitics.com,0,0,1,0,0,0,0,0,0,0,1,0
conservativerefocus.com,0,0,1,0,0,0,0,0,0,0,0,0
conspiracyplanet.com,0,0,1,0,0,0,0,0,0,0,0,0
conspiracywire.com,0,0,1,0,0,0,0,0,0,0,0,0
corbettreport.com,0,1,1,0,0,0,0,0,0,0,0,0
countdowntozerotime.com,0,0,1,0,0,0,0,0,0,0,0,0
counterpsyops.com,0,0,1,0,0,0,0,0,0,0,0,0
cryptogon.com,0,0,1,0,1,0,0,0,0,0,0,0
dailyoccupation.com,0,1,1,0,0,0,0,0,0,0,0,0
dataasylum.com,0,0,1,0,0,0,0,0,1,0,0,0
davidwolfe.com,0,0,1,0,0,0,0,0,0,0,0,0
dcclothesline.com,0,0,1,0,0,0,0,0,1,0,0,0
disclosuremedia.net,0,0,1,0,0,0,0,0,0,0,0,0
Dont-Tread-On.Me,0,0,1,0,0,0,0,0,0,0,0,0
Dutchsinse.com,0,0,1,0,0,0,0,0,0,0,0,0
EbolaHoax.com,0,0,1,0,0,0,0,0,0,0,0,0
educate-yourself.org,0,0,1,0,0,0,0,0,1,0,0,0
electionnightgatekeepers.com,0,0,1,0,1,0,0,0,0,0,0,0
endoftheamericandream.com,0,1,1,0,0,0,1,0,0,0,0,0
Expose1933.com,0,0,1,0,0,0,0,0,0,0,1,0
eyeopening.info,0,0,1,0,0,0,0,0,1,0,0,0
familysecuritymatters.org,0,1,1,0,0,0,0,0,0,0,0,0
fellowshipoftheminds.com,0,0,1,0,0,0,0,0,1,0,0,0
fourwinds10.net,0,0,1,0,0,0,0,0,1,0,0,0
fprnradio.com,0,0,1,0,0,0,1,0,0,0,0,0
FreedomForceInternational.com,0,0,1,0,0,0,0,0,0,0,0,0
freedomoutpost.com,0,1,1,0,0,0,0,0,0,0,0,0
fromthetrenchesworldreport.com,0,1,1,0,0,0,0,0,1,0,0,0
gaia.com,0,0,1,0,0,0,0,0,1,0,0,0
gangstergovernment.com,0,1,1,0,0,0,0,0,0,0,0,0
globalresearch.ca,0,0,1,0,0,0,0,0,0,0,0,0
godlikeproductions.com,0,0,1,0,0,0,0,0,0,0,0,0
govtslaves.info,0,0,1,0,0,0,0,0,0,0,0,0
greanvillepost.com,0,0,1,0,0,0,0,0,0,0,0,0
hangthebankers.com,0,0,1,0,0,0,0,0,0,0,0,0
henrymakow.com,0,0,1,0,0,0,0,0,0,0,0,0
humansarefree.com,0,0,1,0,0,0,0,0,0,0,0,0
illuminati-news.com,0,0,1,0,0,0,0,0,0,0,0,0
infiniteunknown.net,0,0,1,0,0,0,0,0,0,0,0,0
informationclearinghouse.info,0,0,1,0,1,0,0,0,0,0,0,0
infowars.com,0,0,1,0,0,0,0,0,0,0,0,0
intellihub.com,0,0,1,0,1,0,0,0,0,0,0,0
investmentresearchdynamics.com,0,0,1,0,0,0,0,0,0,0,0,0
ITCCS.org,0,0,1,0,0,0,0,0,0,0,0,0
jesus-is-savior.com,0,0,1,0,0,0,0,0,0,0,0,0
jihadwatch.org,0,0,1,0,0,0,0,0,0,0,1,0
jonesreport.com,0,0,1,0,0,0,0,0,0,0,0,0
knowledgeoftoday.org,0,0,1,0,0,0,0,0,0,0,0,0
libertymovementradio.com,0,0,1,0,0,0,0,0,0,0,0,0
libertytalk.fm,0,0,1,0,0,0,0,0,0,0,0,0
libertyvideos.org,0,0,1,0,0,0,0,0,0,0,0,0
militianews.com,0,1,1,0,0,0,0,0,0,0,1,0
nasamoonhoax.com,0,0,1,0,0,0,0,0,0,0,0,0
NationalUFOCenter.com,0,0,1,0,0,0,0,0,0,0,0,0
nationindistress.weebly.com,0,0,1,0,0,0,0,0,0,0,0,0
neonnettle.com,0,1,1,0,0,0,1,0,0,0,0,0
newstarget.com,0,0,1,0,0,0,0,0,0,0,0,0
nodisinfo.com,0,0,1,0,1,0,0,0,0,0,0,0
NoMoreFakeNews.com,0,0,1,0,0,0,0,0,0,0,0,0
nowtheendbegins.com,0,0,1,0,0,0,0,0,0,0,0,0
OffGridSurvival.com,0,1,1,0,0,0,0,0,0,0,0,0
oilgeopolitics.net,0,0,1,0,0,0,0,0,0,0,0,0
pamelageller.com,0,1,1,0,0,0,1,0,0,0,0,0
politicalblindspot.com,0,0,1,0,0,0,0,0,1,0,0,0
prepperwebsite.com,0,0,1,0,0,0,1,0,0,0,0,0
prisonplanet.com,0,0,1,0,0,0,0,0,0,0,0,0
prisonplanet.tv,0,0,1,0,0,0,0,0,0,0,0,0
rense.com,0,0,1,0,0,0,0,0,1,0,0,0
rumormillnews.com,0,0,1,0,0,1,0,0,1,0,0,0
secretsofthefed.com,0,0,1,0,0,0,0,0,1,0,0,0
sentinelblog.com,0,0,1,0,0,0,0,0,1,0,0,0
sheepkillers.com,0,0,1,0,0,0,0,0,1,0,0,0
shoebat.com,0,1,1,0,0,0,0,0,0,0,0,0
Silver-Coin-Investor. com,0,1,1,0,1,0,0,0,0,0,0,0
SilverBearCafe.com,0,0,1,0,0,0,0,0,0,0,0,0
SilverDoctors.com,0,1,1,0,0,0,0,0,0,0,0,0
SilverStealers.net,0,0,1,0,0,0,0,0,0,0,0,0
skeptiko.com,0,0,1,0,0,0,0,0,1,0,0,0
sonsoflibertyradio.com,0,1,1,0,0,0,0,0,0,0,0,0
thedailysheeple.com,0,1,1,0,0,0,0,0,0,0,0,0
theeconomiccollapseblog.com,0,1,1,0,0,0,0,0,0,0,0,0
theeventchronicle.com,0,0,1,1,0,0,0,0,1,0,0,0
TheExtinctionProtocol.com,0,0,1,0,0,0,0,0,0,0,0,0
theforbiddenknowledge.com,0,0,1,0,0,0,0,0,1,0,0,0
thelibertybeacon.com,0,1,1,0,0,0,0,0,1,0,0,0
themindunleashed.com,0,0,1,1,0,0,0,0,1,0,0,0
themindunleashed.org,0,0,1,1,0,0,0,0,1,0,0,0
thephaser.com,0,0,1,0,0,0,0,0,0,0,0,0
thepoliticalinsider.com,0,1,1,0,1,0,0,0,0,0,0,0
truthbroadcastnetwork.com,0,0,1,1,0,0,0,0,0,0,0,0
truthfrequencyradio.com,0,0,1,0,0,0,0,0,0,0,0,0
ufoholic.com,0,0,1,0,0,0,0,0,0,0,0,0
wakeupthesheep.com,0,0,1,0,0,0,0,0,0,0,0,0
wakingupwisconsin.com,0,0,1,0,0,0,0,0,0,0,0,0
weshapelife.org,0,0,1,0,0,0,0,0,1,0,0,0
whatdoesitmean.com,0,0,1,0,0,0,0,0,0,0,0,0
whatreallyhappened.com,0,0,1,0,0,1,0,0,0,0,0,0
whowhatwhy.org,0,0,1,0,0,0,0,0,0,0,0,0
wikispooks.com,0,0,1,0,0,0,0,0,0,0,0,0
Willyloman.wordpress.com,0,0,1,0,0,0,0,0,0,0,0,0
worldtruth.tv,0,0,1,0,0,0,0,0,1,0,0,0
X22Report.com,0,0,1,0,0,0,0,0,0,0,0,0
zerohedge.com,0,0,1,0,0,0,0,0,0,0,0,0
zootfeed.com,0,0,1,0,0,0,0,0,0,0,0,0
16wmpo.com,0,0,0,0,0,0,1,0,0,0,0,0
24newsflash.com,0,0,0,0,0,0,1,0,0,0,0,0
24wpn.com,0,0,0,0,0,0,1,0,0,0,0,0
70news.wordpress.com,0,0,0,0,0,0,1,0,0,0,0,0
abcnews.com.co,0,0,0,0,0,0,1,0,0,0,0,0
abcnewsgo.co,0,0,0,0,0,0,1,0,0,0,0,0
alternativemediasyndicate.com,0,0,0,0,0,0,1,0,0,0,0,0
americannews.com,0,0,0,0,0,0,1,0,0,0,0,0
americanoverlook.com,0,0,0,0,0,0,1,0,0,0,0,0
americanpoliticnews.co,0,0,0,0,0,0,1,0,0,0,0,0
americanpresident.co,0,0,0,0,0,0,1,0,0,0,0,0
Amposts.com,0,0,0,0,0,0,1,0,0,0,0,0
anews24.org/,0,0,0,0,0,0,1,0,0,0,0,0
anonjekloy.tk,0,0,0,0,0,0,1,0,0,0,0,0
aurora-news.us,0,0,0,0,0,0,1,0,0,0,0,0
beforeitsnews.com,0,0,1,0,0,1,1,0,0,0,0,0
bighairynews.com,0,0,1,0,0,0,1,0,0,0,0,0
blackinusrancenews.com,0,0,0,0,1,0,1,0,0,0,0,0
bostonleader.com,0,0,0,0,0,0,1,0,0,0,0,0
buzzfeedusa.com,0,0,0,0,0,1,1,0,0,0,0,0
cannasos.com,0,0,0,0,1,0,1,0,0,0,0,0
cap-news.com,0,0,0,0,0,0,1,0,0,0,0,0
cbsnews.com.co,0,0,0,0,0,0,1,0,0,0,0,0
channel-7-news.com,0,0,0,0,0,0,1,0,0,0,0,0
channel18news.com,0,0,0,0,0,0,1,0,0,0,0,0
cityworldnews.com,0,0,0,0,0,0,1,0,0,0,0,0
civictribune.com,0,0,0,0,0,0,1,0,0,0,0,0
clashdaily.com,0,1,1,0,0,0,1,0,0,0,0,0
cnnews3.com,0,0,0,0,0,0,1,0,0,0,0,0
coed.com,0,0,0,0,1,0,1,0,0,0,0,0
conservativebyte.com,0,1,0,0,0,0,1,0,0,0,0,0
conservativedailypost.com,0,0,0,0,1,0,1,0,0,0,0,0
conservativefighters.com,0,0,0,0,0,0,1,0,0,0,0,0
conservativeflashnews.com,0,0,0,0,0,0,1,0,0,0,0,0
conservativeinfidel.com,0,0,1,0,0,0,1,0,0,0,0,0
dailybuzzlive.com,0,0,0,0,0,0,1,0,0,0,0,0
dailyheadlines.com,0,0,0,0,0,0,1,0,0,0,0,0
dailyheadlines.net,0,0,0,0,0,0,1,0,0,0,0,0
dailyinfobox.com,0,0,0,0,0,0,1,0,0,0,0,0
dailynews10.com,0,0,0,0,0,0,1,0,0,0,0,0
dailynews5.com,0,0,0,0,0,0,1,0,0,0,0,0
dailynewsposts.info,0,0,0,0,0,0,1,0,0,0,0,0
dailysurge.com,0,0,0,0,0,0,1,0,0,0,0,0
dailyusaupdate.com,0,0,0,0,0,0,1,0,0,0,0,0
damnleaks.com,0,0,0,0,0,0,1,0,0,0,0,0
dcgazette.com,0,0,0,0,0,0,1,0,0,0,0,0
ddemocraticunderground.com,0,0,0,0,0,0,1,0,0,0,0,0
denverguardian.com,0,0,0,0,0,0,1,0,0,0,0,0
departed.co,0,0,0,0,0,0,1,0,0,0,0,0
departedmedia.com,0,0,0,0,0,0,1,0,0,0,0,0
DIYhours.net,0,0,0,0,0,0,1,0,0,0,0,0
donaldtrumpnews.co,0,0,0,0,0,0,1,0,0,0,0,0
DonaldTrumpPotus45.com,0,0,0,0,0,0,1,0,0,0,0,0
downtrend.com,0,0,0,0,0,0,1,0,0,0,0,1
drudgereport.com.co,0,0,0,0,0,0,1,0,0,0,0,0
embols.com,0,0,0,0,0,0,1,0,0,0,0,0
Empirehearland.com,0,0,0,0,0,0,1,0,0,0,0,0
empireherald.com,0,0,0,0,0,0,1,0,0,0,0,1
empirenews.net,0,0,0,0,0,0,1,0,0,0,0,1
en-vovle.com,0,0,0,0,0,0,1,0,0,0,0,0
enabon.com,0,0,0,0,0,0,1,0,0,0,0,0
enduringvision.com,0,0,0,0,0,0,1,0,0,0,0,0
enhlive.com,0,0,0,0,0,0,1,0,0,0,0,0
eutopia.buzz,0,0,1,0,0,0,1,0,0,0,0,1
fakingnews.com,0,0,0,0,0,0,1,0,0,0,0,1
fedsalert.com,0,0,0,0,0,0,1,0,0,0,0,0
flashnewscorner.com,0,0,0,0,0,0,1,0,0,0,0,0
floridasunpost.com,0,0,0,0,0,0,1,0,0,0,0,0
freedomdaily.com,0,0,0,0,0,0,1,0,0,0,0,0
freshdailyreport.com,0,0,0,0,0,0,1,0,0,0,0,0
givemeliberity01.com,0,0,0,0,0,0,1,0,0,0,0,0
globalpoliticsnow.com,0,0,0,0,0,0,1,0,0,0,0,0
goneleft.com,0,0,0,0,0,0,1,0,0,0,0,0
gopthedailydose.com,0,1,1,0,0,0,1,0,0,0,0,0
gummypost.com,0,0,0,0,0,0,1,0,0,0,0,0
healthycareandbeauty.com,0,0,0,0,1,0,1,0,0,0,0,0
healthyworldhouse.com,0,0,0,0,0,0,1,0,0,0,0,0
immediatesafety.org,0,0,0,0,0,0,1,0,0,0,0,0
infostormer.com,0,0,1,0,0,0,1,0,0,0,1,0
interestingdailynews.com,0,0,0,0,0,0,1,0,0,0,0,0
intrendtoday.com,0,0,0,1,0,0,1,0,0,0,0,0
itaglive.com,0,0,0,0,0,0,1,0,0,0,0,0
ItMakesSenseBlog.com,0,0,0,0,0,0,1,0,0,0,0,0
iwanttoexplore.com,0,0,0,0,0,0,1,0,0,0,0,0
KMT11.com,0,0,0,0,0,0,1,0,0,0,0,0
konkonsagh.biz,0,0,0,0,0,0,1,0,0,0,0,0
krbcnews.com,0,0,0,0,0,0,1,0,0,0,0,0
ky12news.com,0,0,0,0,0,0,1,0,0,0,0,0
ladylibertynews.com,0,0,0,0,0,0,1,0,0,0,0,0
lastdeplorables.com,0,0,0,0,0,0,1,0,0,0,0,0
learnprogress.org,0,1,0,0,0,0,1,0,0,0,0,0
liberalplug.com,0,0,0,0,0,0,1,0,0,0,0,0
libertyalliance.com,0,0,0,0,0,0,1,0,0,0,0,0
libertyblitzkrieg.com,0,0,0,0,0,0,1,0,0,0,0,0
local31news.com,0,0,0,0,0,0,1,0,0,0,0,0
madworldnews.com,0,0,0,0,0,0,1,0,0,0,0,0
maganews.co,0,0,0,0,0,0,1,0,0,0,0,0
majorthoughts.com,0,0,0,0,0,0,1,0,0,0,0,0
mediamass.net,0,0,0,0,0,0,1,0,0,0,0,0
megynkelly.us,0,0,0,0,0,0,1,0,0,0,0,0
mentor2day.com,0,0,0,0,0,0,1,0,0,0,0,0
metropolitanworlds.com,0,0,0,0,0,0,1,0,0,0,0,0
mpidailymagazine.com,0,1,0,0,0,0,1,0,0,0,0,0
mrconservative.com,0,0,0,0,0,0,1,0,0,0,0,1
msnbc.website,0,0,0,0,0,0,1,0,0,0,0,0
myfreshnews.com,0,1,0,0,0,0,1,0,0,0,0,0
myzonetoday.com,0,1,0,0,0,0,1,0,0,0,0,0
nationonenews.com,0,0,1,0,0,0,1,0,0,0,0,0
nbc.com.co,0,0,0,0,0,0,1,0,0,0,0,0
nephef.com,0,0,0,0,0,0,1,0,0,0,0,0
newpoliticstoday.com,0,0,0,0,0,0,1,0,0,0,0,0
news4ktla.com,0,0,0,0,0,0,1,0,0,0,0,1
newsbbc.net,0,0,0,0,0,0,1,0,0,0,0,0
newsbreakshere.com,0,0,0,0,0,0,1,0,0,0,0,0
newsbysquad.com,0,0,0,0,0,0,1,0,0,0,0,0
newsdaily12.com,0,0,0,0,0,0,1,0,0,0,0,0
newsexaminer.net,0,0,0,0,0,0,1,0,0,0,0,1
newsfrompolitics.com,0,0,0,0,0,0,1,0,0,0,0,0
newsleak.co,0,0,0,0,0,0,1,0,0,0,0,0
newslo.com,0,0,0,0,0,0,1,0,0,0,0,0
newsmagazine.com,0,0,0,0,0,0,1,0,0,0,0,0
newswatch28.com,0,0,0,0,0,0,1,0,0,0,0,0
newswatch33.com,0,0,0,0,0,0,1,0,0,0,0,0
newswithviews.com,0,0,1,0,0,0,1,0,0,0,0,0
now8news.com,0,0,0,0,0,0,1,0,0,0,0,0
onepoliticalplaza.com,0,0,0,0,0,0,1,0,0,0,0,0
onlineconservativepress.com,0,1,1,0,0,0,1,0,0,0,0,0
openmagazines.com,0,0,0,0,0,0,1,0,0,0,0,0
pakalertpress.com,0,0,0,0,0,0,1,0,0,0,0,0
politicalo.com,0,0,0,0,0,0,1,0,0,0,0,0
politicalsitenews.com,0,0,0,0,0,0,1,0,0,0,0,0
politicalupdator.com,0,1,0,1,0,0,1,0,0,0,0,0
politicono.com,0,0,0,0,0,0,1,0,0,0,0,0
politicsusanews.com,0,0,0,0,0,0,1,0,0,0,0,0
president45donaldtrump.com,0,0,0,0,0,0,1,0,0,0,0,0
prntly.com,0,0,0,0,0,0,1,0,0,0,0,0
proamericanews.com,0,0,0,0,0,0,1,0,0,0,0,0
proudcons.com,0,1,0,0,0,0,1,0,0,0,0,0
react365.com,0,0,0,0,0,0,1,0,0,0,0,0
realnewsrightnow.com,0,0,0,0,0,0,1,0,0,0,0,1
redcountry.us,0,0,0,0,0,0,1,0,0,0,0,0
redrocktribune.com,0,0,0,0,0,0,1,0,0,0,0,0
religionmind.com,0,0,0,0,0,0,1,0,0,0,0,0
rhotv.com,0,0,0,0,0,0,1,0,0,0,0,0
rickwells.us,0,0,1,0,0,0,1,0,0,0,0,0
rilenews.com,0,0,0,0,0,0,1,0,0,0,0,1
rogue-nation3.com,0,0,0,0,0,0,1,0,0,0,0,0
rumorjournal.com,0,0,0,0,0,0,1,0,0,0,0,0
smag31.com,0,0,0,0,1,0,1,0,0,0,0,0
socialeverythings.com,0,0,0,0,0,0,1,0,0,0,0,0
stormcloudsgathering.com,0,0,0,0,0,0,1,0,0,0,0,0
subjectpolitics.com,0,1,0,0,0,0,1,0,0,0,0,0
success-street.com,0,0,0,1,0,0,1,0,0,0,0,0
supremepatriot.com,0,1,0,0,0,0,1,0,0,0,0,0
TDTalliance.com,0,0,0,0,0,0,1,0,0,0,0,0
teaparty.org,0,0,0,0,1,0,1,0,0,0,0,0
thatviralfeed.net,0,0,0,0,1,0,1,0,0,0,0,0
the-insider.co,0,0,0,0,0,0,1,0,0,0,0,0
theamericanindependent.wordpress.com,0,1,0,0,0,0,1,0,0,0,0,0
thebigriddle.com,0,0,0,0,0,0,1,0,0,0,0,0
thebostontribune.com,0,0,0,0,0,0,1,0,0,0,0,0
thecommonsenseshow.com,0,0,1,0,0,0,1,0,0,0,0,0
thecontroversialfiles.net,0,0,0,1,0,0,1,0,0,0,0,0
thefreepatriot.org,0,1,0,1,0,0,1,0,0,0,0,0
theinternetpost.net,0,0,0,0,0,0,1,0,0,0,0,0
thelastgreatstand.com,0,1,1,0,0,0,1,0,0,0,0,0
themoralofthestory.us,0,0,0,0,0,0,1,0,0,0,0,0
thenet24h.com,0,0,0,0,0,0,1,0,0,0,0,0
thenewyorkevening.com,0,0,0,0,0,0,1,0,0,0,0,0
theracketreport.com,0,0,0,0,0,0,1,0,0,0,0,1
thereporterz.com,0,0,0,0,0,0,1,0,0,0,0,0
therightscoop.com,0,0,0,1,0,0,1,0,0,0,0,0
thetrumpmedia.com,0,0,0,0,0,0,1,0,0,0,0,0
thetruthdivision.com,0,1,0,0,0,0,1,0,0,0,0,0
thetruthseeker.co.uk,0,0,1,0,0,0,1,0,1,0,0,0
theusa-news.com,0,0,0,0,0,0,1,0,0,0,0,0
thewashingtonpress.com,0,0,0,0,0,0,1,0,0,0,0,0
threepercenternation.com,0,1,1,0,0,0,1,0,0,0,0,0
times.com.mx,0,0,0,0,0,0,1,0,0,0,0,0
tmzworldnews.com,0,0,0,0,0,0,1,0,0,0,0,0
trueamericans.me,0,0,0,0,0,0,1,0,0,0,0,0
truetrumpers.com,0,0,0,0,0,0,1,0,0,0,0,0
trumpvision365.com,0,0,0,0,0,0,1,0,0,0,0,0
undergroundnewsreport.com,0,0,0,0,0,0,1,0,0,0,0,0
undergroundworldnews.com,0,1,1,0,0,0,1,0,0,0,0,0
unitedmediapublishing.com,0,0,0,0,0,0,1,0,0,0,0,0
universepolitics.com,0,0,0,0,0,0,1,0,0,0,0,0
usa-radio.com,0,0,0,0,0,0,1,0,0,0,0,0
usa-television.com,0,0,0,0,0,0,1,0,0,0,0,0
usa2016elections.com,0,0,0,0,0,0,1,0,0,0,0,0
usadailyinfo.com,0,0,0,0,0,0,1,0,0,0,0,0
usadailypolitics.com,0,0,0,0,0,0,1,0,0,0,0,0
usadailytime.com,0,0,0,0,0,0,1,0,0,0,0,0
usadosenews.com,0,0,0,0,0,0,1,0,0,0,0,0
usafirstinformation.com,0,0,0,0,0,0,1,0,0,0,0,0
usahitman.com,0,0,1,0,0,0,1,0,0,0,0,0
usainfobox.com,0,0,0,0,0,0,1,0,0,0,0,0
usamagazinestudio.com,0,0,0,0,0,0,1,0,0,0,0,0
usanewsflash.com,0,1,0,1,0,0,1,0,0,0,0,0
usanewsinsider.com,0,1,0,1,0,0,1,0,0,0,0,0
usanewspolitics.com,0,0,0,0,0,0,1,0,0,0,0,0
usanewstoday.com,0,0,0,0,0,0,1,0,0,0,0,0
usaonlinepolitics.com,0,0,0,1,0,0,1,0,0,0,0,0
usaphase.com,0,1,0,0,0,0,1,0,0,0,0,0
usapolitics24hrs.com,0,0,0,0,0,0,1,0,0,0,0,0
usapoliticsnow.com,0,1,0,0,0,0,1,0,0,0,0,0
usapoliticszone.com,0,0,0,0,0,0,1,0,0,0,0,0
usasnich.com,0,0,0,0,0,0,1,0,0,0,0,0
usasupreme.com,0,0,0,0,0,0,1,0,0,0,0,0
usatoday.com.co,0,0,0,0,0,0,1,0,0,0,0,0
usatodaynews.me,0,0,0,0,0,0,1,0,0,0,0,0
usatwentyfour.com,0,0,0,0,0,0,1,0,0,0,0,0
usconservativetoday.com,0,0,0,0,0,0,1,0,0,0,0,0
usfanzone.com,0,1,0,0,0,0,1,0,0,0,0,0
ushealthyadvisor.com,0,0,1,0,0,0,1,0,1,0,0,0
ushealthylife.com,0,0,0,0,0,0,1,0,0,0,0,0
usinfonews.com,0,0,0,0,0,0,1,0,0,0,0,0
uspoliticslive.com,0,1,1,0,0,0,1,0,0,0,0,0
uspoln.com,0,0,0,0,0,0,1,0,0,0,0,0
uspostman.com,0,0,0,0,0,0,1,0,0,0,0,0
vigilantcitizen.com,0,0,1,0,0,0,1,0,0,0,0,0
viralactions.com,0,0,0,0,0,0,1,0,0,0,0,0
viralliberty.com,0,1,0,1,0,0,1,0,0,0,0,0
voxtribune.com,0,0,0,0,0,0,1,0,0,0,0,0
washingtonfed.com,0,0,0,0,0,0,1,0,0,0,0,0
washingtonpost.com.co,0,0,0,0,0,0,1,0,0,0,0,0
webdaily.com,0,1,1,0,0,0,1,0,0,0,0,0
weeklyworldnews.com,0,0,0,1,0,1,1,0,0,0,0,0
worldpoliticsus.com,0,0,0,0,0,0,1,0,0,0,0,0
worldrumor.com,0,0,0,0,0,0,1,0,0,0,0,0
worldstoriestoday.com,0,0,0,0,0,0,1,0,0,0,0,0
wtoe5news.com,0,0,0,0,0,0,1,0,0,0,0,1
yesimright.com,0,1,0,0,0,0,1,0,0,0,0,0
yourfunpage.com,0,0,0,0,0,0,1,0,0,0,0,0
worldpoliticsnow.com,0,0,0,0,0,0,0,0,0,0,0,0
FarmWars.info,0,0,1,0,0,0,1,0,0,0,0,0
actforamerica.org/news,0,0,0,0,0,0,0,0,0,0,1,0
adflegal.org/media,0,0,0,0,0,0,0,0,0,0,1,0
americanborderpatrol.com,0,0,0,0,0,0,0,0,0,0,1,0
amren.com,0,0,1,0,0,0,0,0,0,0,1,0
aryannationswordwide1488.org,0,0,0,0,0,0,0,0,0,0,1,0
barenakedislam.com,0,0,0,0,0,0,0,0,0,0,1,0
barnesreview.org,0,0,0,0,0,0,0,0,0,0,1,0
bigbluevision.com,0,0,0,0,0,0,0,0,0,0,1,0
centerforsecuritypolicy.org/#articles,0,0,0,0,0,0,0,0,0,0,1,0
christianfightback.com,0,1,0,0,0,0,0,0,0,0,1,0
creativitymovement.net/category/news/,0,0,0,0,0,0,0,0,0,0,1,0
dailyken.com,0,0,0,0,0,0,0,0,0,0,1,0
dailystormer.com,0,1,1,0,0,0,0,0,0,0,1,0
darkmoon.me,0,1,0,0,0,0,0,0,0,0,1,0
davidduke.com,0,0,0,0,0,0,0,0,0,0,1,0
drrichswier.com,0,1,0,0,0,0,0,0,0,0,1,0
EUTimes.net,0,0,1,0,0,0,0,0,0,0,1,0
gatesofvienna.net,0,0,1,0,0,0,0,0,0,0,1,0
glaringhypocrisy.com,0,0,1,0,0,0,0,0,0,0,1,0
ihr.org,0,0,0,0,0,0,0,0,0,0,1,0
libertyfederation.com,0,0,0,0,0,0,0,0,0,0,1,0
nationalvanguard.org,0,0,0,0,0,0,0,0,0,0,1,0
npiamerica.org,0,1,0,0,0,0,0,0,0,0,1,0
returnofkings.com,0,0,0,0,0,0,0,0,0,0,1,0
themuslimissue.wordpress.com,0,0,1,0,0,0,0,0,0,0,1,0
therightstuff.biz,0,0,0,0,0,0,0,0,0,0,1,0
truthfeed.com,0,1,1,0,0,0,0,0,0,0,1,0
whitepower.com,0,1,1,0,0,0,0,0,0,0,1,0
AmericanKabuki.blogspot.com,0,0,0,0,0,0,0,0,1,0,0,0
ancient-code.com,0,0,0,0,1,0,0,0,1,0,0,0
checkoutthehealthyworld.com,0,0,0,1,0,0,0,0,1,0,0,0
collective-evolution.com,0,0,0,0,0,0,0,0,1,0,0,0
collectivelyconscious.net,0,0,1,0,0,0,0,0,1,0,0,0
consciouslifenews.com,0,0,0,0,0,0,0,0,1,0,0,0
dineal.com,0,0,0,0,0,0,0,0,1,0,0,0
ewao.com,0,0,0,0,0,0,0,0,1,0,0,0
ExperimentalVaccines.org,0,0,1,0,0,0,0,0,1,0,0,0
foodbabe.com,0,0,0,0,0,0,0,0,1,0,0,0
galacticconnection.com,0,0,0,0,0,0,0,0,1,0,0,0
geoengineeringwatch.org,0,0,1,0,0,0,0,0,1,0,0,0
GreenMedInfo.com,0,0,0,0,0,0,0,0,1,0,0,0
healthimpactnews.com,0,1,0,0,0,0,0,0,1,0,0,0
healthnutnews.com,0,0,0,0,0,0,0,0,1,0,0,0
healthy-holistic-living.com,0,0,0,1,0,0,0,0,1,0,0,0
icr.org,0,0,0,0,0,0,0,0,1,0,0,0
in5d.com,0,0,0,0,0,0,0,0,1,0,0,0
lifeprevention.com,0,0,0,0,0,0,0,0,1,0,0,0
naturalblaze.com,0,0,1,0,0,0,0,0,1,0,0,0
naturalnews.com,0,0,1,0,0,0,0,0,1,0,0,0
naturalnewsblogs.com,0,0,0,0,0,0,0,0,1,0,0,0
rawforbeauty.com,0,0,0,0,0,0,0,0,1,0,0,0
realfarmacy.com,0,0,1,0,0,0,0,0,1,0,0,0
realplanetnews.com,0,0,0,0,0,0,0,0,1,0,0,0
responsibletechnology.org,0,0,0,0,0,0,0,0,1,0,0,0
revolutions2040.com,0,0,0,1,0,0,0,0,1,0,0,0
thetruthaboutcancer.com,0,0,0,0,0,0,0,0,1,0,0,0
TheTruthWins.com,0,0,1,1,0,0,0,0,1,0,0,0
wakingtimes.com,0,0,0,0,0,0,0,0,1,0,0,0
whydontyoutrythis.com,0,0,0,0,0,1,0,0,1,0,0,0
worldwidehealthy.com,0,0,0,1,0,0,0,0,1,0,0,0
dailyleak.org,0,0,0,0,0,0,1,0,0,0,0,1
advocate.com,0,1,0,0,0,0,0,0,0,0,0,0
alternet.org,0,1,0,0,0,0,0,0,0,0,0,0
americannewsx.com,0,1,0,0,0,0,0,0,0,0,0,1
americanprogress.org,0,1,0,0,0,0,0,0,0,0,0,0
attn.com,0,1,0,1,0,0,0,0,0,0,0,0
baptistnews.com,0,1,0,0,0,0,0,0,0,0,0,0
breitbart.com,0,1,0,0,1,0,0,0,0,0,0,0
cato.org/blog,0,1,0,0,0,0,0,0,0,0,0,0
chroniclesmagazine.org,0,1,0,0,0,0,0,0,0,0,0,0
city-journal.org,0,1,0,0,0,0,0,0,0,0,0,0
commentarymagazine.com,0,1,0,0,0,0,0,0,0,0,0,0
commondreams.org,0,1,0,1,0,0,0,0,0,0,0,0
conservativereview.com,0,1,0,0,0,0,0,0,0,0,0,0
countercurrents.org,0,1,0,0,1,0,0,0,0,0,0,0
counterinformation.wordpress.com,0,1,0,0,0,0,0,0,0,0,0,0
counterpunch.com,0,1,0,0,0,0,0,0,0,0,0,0
counterpunch.org,0,1,0,0,0,0,0,0,0,0,0,0
dailycaller.com,0,1,0,1,0,0,0,0,0,0,0,0
dailykos.com,0,1,0,1,0,0,0,0,0,0,0,0
davidstockmanscontracorner.com,0,1,0,0,0,0,0,0,0,0,0,0
DeadLineLive.info,0,1,1,0,0,0,0,0,0,0,0,0
dennismichaellynch.com,0,1,0,0,0,0,0,0,0,0,0,0
dissentmagazine.org,0,1,0,0,0,0,0,0,0,0,0,0
drudgereport.com,0,1,0,0,0,0,0,0,0,0,0,0
economicnoise.com,0,1,0,0,1,0,0,0,0,0,0,0
ecowatch.com,0,1,0,0,0,0,0,0,0,0,0,0
Emptywheel.net,0,1,0,0,0,0,0,0,0,0,0,0
filmsforaction.org,0,1,0,0,0,0,0,0,0,0,0,0
foreignpolicyjournal.com,0,1,0,0,0,0,0,0,0,0,0,0
freedomworks.org,0,1,0,0,0,0,0,0,0,0,0,0
fusion.net,0,1,0,0,0,0,0,0,0,0,0,0
geopolmonitor.com,0,1,0,0,0,0,0,0,0,0,0,0
guardianlv.com,0,1,0,0,0,0,0,0,0,0,0,0
heritage.org,0,1,0,0,0,0,0,0,0,0,0,0
ijr.com,0,1,0,0,1,0,0,0,0,0,0,0
jackpineradicals.com,0,1,0,0,0,0,0,0,0,0,0,0
jacobinmag.com,0,1,0,0,0,0,0,0,0,0,0,0
judicialwatch.org,0,1,0,0,0,0,0,0,0,0,0,0
mintpressnews.com,0,1,0,0,0,0,0,0,0,0,0,0
mrc.org,0,1,0,0,0,0,0,0,0,0,0,0
nakedcapitalism.com,0,1,0,0,0,0,0,0,0,0,0,0
nationalreview.com,0,1,0,0,0,0,0,0,0,0,0,0
newcoldwar.org,0,1,0,0,0,0,0,0,0,0,0,0
newscorpse.com,0,1,0,0,0,0,0,0,0,0,0,0
oann.com,0,1,0,0,0,0,0,0,0,0,0,0
observer.com,0,1,0,0,0,0,0,0,0,0,0,0
OCCUPY.com,0,1,0,0,0,0,0,0,0,0,0,0
pjmedia.com,0,1,0,0,0,0,0,0,0,0,0,0
presidentialvoting2016.com,0,1,0,0,1,0,0,0,0,0,0,0
proudemocrat.com,0,1,0,0,0,0,0,0,0,0,0,0
rawstory.com,0,1,0,1,0,0,0,0,0,0,0,0
redstate.com,0,1,0,1,0,0,0,0,0,0,0,0
resistancereport.com,0,1,0,0,1,0,0,0,0,0,0,0
rinf.com,0,1,0,0,0,0,0,0,0,0,0,0
ronpaulinstitute.org,0,1,0,0,0,0,0,0,0,0,0,0
ruptly.tv,0,1,0,0,0,0,0,0,0,0,0,0
theblaze.com,0,1,0,1,0,0,0,0,0,0,0,0
thedailybeast.com,0,1,0,0,0,0,0,0,0,0,0,0
thefifthcolumnnews.com,0,1,0,0,0,0,0,0,0,0,0,0
theintercept.com,0,1,0,0,0,0,0,0,0,0,0,0
thinkprogress.org,0,1,0,0,0,0,0,0,0,0,0,0
TomWoods.com,0,1,0,0,0,0,0,0,0,0,0,0
washingtonexaminer.com,0,1,0,0,1,0,0,0,0,0,0,0
weeklystandard.com,0,1,0,0,0,0,0,0,0,0,0,0
yellowhammernews.com,0,1,0,0,0,0,0,0,0,0,0,0
christianpost.com,0,1,0,0,0,0,0,0,0,0,0,0
consortiumnews.com,0,0,0,0,0,0,0,0,0,0,0,0
nutritionfacts.org,0,0,0,0,0,0,0,0,0,0,0,0
americantoday.news,0,1,0,0,0,1,0,0,0,0,0,0
amtvmedia.com,0,0,0,0,1,1,0,0,0,0,0,0
bigbluedimension.com,0,1,0,0,0,1,0,0,0,0,0,0
christiantimesnewspaper.com,0,1,0,0,0,1,1,0,0,0,0,0
express.co.uk,0,0,0,0,0,1,0,0,0,0,0,0
loanpride.com,0,0,0,1,0,1,0,0,0,0,0,0
magafeed.com,0,1,0,0,0,1,1,0,0,0,0,0
mediazone.news,0,0,0,0,1,1,0,0,0,0,0,0
megafreshnews.com,0,0,0,0,0,1,0,0,0,0,0,0
newswire-24.com,0,0,0,0,1,1,0,0,0,0,0,0
pollhype.com,0,1,0,1,0,0,0,0,0,0,0,0
abriluno.com,0,0,0,0,0,0,1,0,0,0,0,1
aceflashman.wordpress.com,0,0,0,0,0,0,0,0,0,0,0,1
actualidadpanamericana.com,0,0,0,0,0,0,0,0,0,0,0,1
adobochronicles.com,0,0,0,0,0,0,0,0,0,0,0,1
associatedmediacoverage.com,0,0,0,0,0,0,0,0,0,0,0,1
awazetribune.com,0,0,0,0,0,0,0,0,0,0,0,1
beehivebugle.com,0,0,0,0,0,0,0,0,0,0,0,1
betootaadvocate.com,0,0,0,0,0,0,0,0,0,0,0,1
bigamericannews.com,0,0,0,0,0,0,1,0,0,0,0,1
borowitzreport.com,0,0,0,0,0,0,0,0,0,0,0,1
bostontribune.com,0,0,0,0,0,0,1,0,0,0,0,1
burrardstreetjournal.com,0,0,0,0,0,0,0,0,0,0,0,1
callthecops.net,0,0,0,0,0,0,0,0,0,0,0,1
celebtricity.com,0,0,0,0,0,0,0,0,0,0,0,1
chaser.com.au,0,0,0,0,0,0,0,0,0,0,0,1
christwire.org,0,0,0,0,0,0,0,0,0,0,0,1
chronicle.su,0,0,0,0,0,0,0,0,0,0,0,1
clickhole.com,0,0,0,0,0,0,0,0,0,0,0,1
creambmp.com,0,0,0,0,0,0,1,0,0,0,0,1
crystalair.com,0,0,0,0,0,0,0,0,0,0,0,1
dailycurrant.com,0,0,0,0,0,0,0,0,0,0,0,1
dailydiscord.com,0,0,0,0,0,0,0,0,0,0,0,1
dailysnark.com,0,0,0,0,0,0,0,0,0,0,0,1
dailysquib.co.uk,0,0,0,0,0,0,0,0,0,0,0,1
dandygoat.com,0,0,0,0,0,0,0,0,0,0,0,1
der-postillon.com,0,0,0,0,0,0,0,0,0,0,0,1
derfmagazine.com,0,0,0,0,0,0,0,0,0,0,0,1
disclose.tv,0,0,1,0,0,0,0,0,0,0,0,1
diversitychronicle.wordpress.com,0,0,0,0,0,0,0,0,0,0,0,1
duffleblog.com,0,0,0,0,0,0,0,0,0,0,0,1
duhprogressive.com,0,0,0,0,0,0,0,0,0,0,0,1
elkoshary.com,0,0,0,0,0,0,0,0,0,0,0,1
elmundotoday.com,0,0,0,0,0,0,0,0,0,0,0,1
empiresports.co,0,0,0,0,0,0,0,0,0,0,0,1
fmobserver.com,0,0,0,0,0,0,0,0,0,0,0,1
fognews.ru,0,0,0,0,0,0,0,0,0,0,0,1
freepatriot.org,0,0,0,0,0,0,0,0,0,0,0,1
freewoodpost.com,0,0,0,0,0,0,0,0,0,0,0,1
fridaymash.com,0,0,0,0,0,0,0,0,0,0,0,1
glossynews.com,0,0,0,0,0,0,0,0,0,0,0,1
gomerblog.com,0,0,0,0,0,0,0,0,0,0,0,1
holyobserver.com,0,0,0,0,0,0,0,0,0,0,0,1
humortimes.com,0,0,0,0,0,0,0,0,0,0,0,1
huzlers.com,0,0,0,0,0,0,0,0,0,0,0,1
ironictimes.com,0,0,0,0,0,0,0,0,0,0,0,1
islamicanews.com,0,0,0,0,0,0,0,0,0,0,0,1
johnnyrobish.com,0,0,0,0,0,0,0,0,0,0,0,1
landoverbaptist.org,0,0,0,0,0,0,0,0,0,0,0,1
liberalbias.com,0,0,0,0,0,0,0,0,0,0,0,1
liberaldarkness.com,0,0,0,0,0,0,1,0,0,0,0,1
lushforlife.com,0,0,0,0,0,0,0,0,0,0,0,1
nahadaily.com,0,0,0,0,0,0,0,0,0,0,0,1
nationalreport.net,0,0,0,0,0,0,1,0,0,0,0,1
ncscooper.com,0,0,0,0,0,0,0,0,0,0,0,1
newsbiscuit.com,0,0,0,0,0,0,0,0,0,0,0,1
newsbreakers.org,0,0,0,0,0,0,0,0,0,0,0,1
newsmutiny.com,0,0,0,0,0,0,1,0,0,0,0,1
newsthump.com,0,0,0,0,0,0,0,0,0,0,0,1
newstoad.net,0,0,0,0,0,0,0,0,0,0,0,1
newyorker.com/humor,0,0,0,0,0,0,0,0,0,0,0,1
objectiveministries.org,0,0,0,0,0,0,0,0,0,0,0,1
politicops.com,0,0,0,0,0,0,1,0,0,0,0,1
politicot.com,0,0,0,0,0,0,1,0,0,0,0,1
reductress.com,0,0,0,0,0,0,0,0,0,0,0,1
religionlo.com,0,0,0,0,0,0,0,0,0,0,0,1
rockcitytimes.com,0,0,0,0,0,0,0,0,0,0,0,1
satiratribune.com,0,0,0,0,0,0,0,0,0,0,0,1
satirewire.com,0,0,0,0,0,0,0,0,0,0,0,1
scrappleface.com,0,0,0,0,0,0,0,0,0,0,0,1
sensationalisttimes.com,0,0,0,0,0,0,0,0,0,0,0,1
speld.nl,0,0,0,0,0,0,0,0,0,0,0,1
sportspickle.com,0,0,0,0,0,0,0,0,0,0,0,1
stneotscitizen.com,0,0,0,0,0,0,0,0,0,0,0,1
stuppid.com,0,0,0,0,0,0,0,0,0,0,0,1
surrealscoop.com,0,0,0,0,0,0,0,0,0,0,0,1
thebeaverton.com,0,0,0,0,0,0,0,0,0,0,0,1
thedailymash.co.uk,0,0,0,0,0,0,0,0,0,0,0,1
thedailywtf.com,0,0,0,0,0,0,0,0,0,0,0,1
thehardtimes.net,0,0,0,0,0,0,0,0,0,0,0,1
theineptowl.com,0,0,0,0,0,0,0,0,0,0,0,1
thelastlineofdefense.org,0,0,0,0,0,0,0,0,0,0,0,1
themadisonmisnomer.com,0,0,0,0,0,0,0,0,0,0,0,1
themideastbeast.com,0,0,0,0,0,0,0,0,0,0,0,1
thenewsnerd.com,0,0,0,0,0,0,0,0,0,0,0,1
theonion.com,0,0,0,0,0,0,0,0,0,0,0,1
thepoke.co.uk,0,0,0,0,0,0,0,0,0,0,0,1
therightists.com,0,0,0,0,0,0,0,0,0,0,0,1
theseattletribune.com,0,0,0,0,0,0,0,0,0,0,0,1
theshovel.com.au,0,0,0,0,0,0,0,0,0,0,0,1
theskunk.org,0,0,0,0,0,0,0,0,0,0,0,1
thespoof.com,0,0,0,0,0,0,0,0,0,0,0,1
thestatelyharold.com,0,0,0,0,0,0,0,0,0,0,0,1
thetimesoftheworld.com,0,0,0,0,0,0,0,0,0,0,0,1
theunrealtimes.com,0,0,0,0,0,0,0,0,0,0,0,1
theuspatriot.com,0,0,0,0,0,0,1,0,0,0,0,1
thevalleyreport.com,0,0,0,0,0,0,0,0,0,0,0,1
topekasnews.com,0,0,0,0,0,0,0,0,0,0,0,1
unconfirmedsources.com,0,0,0,0,0,0,0,0,0,0,0,1
us.blastingnews.com,0,0,0,0,1,0,0,0,0,0,0,1
waterfordwhispersnews.com,0,0,0,0,0,0,0,0,0,0,0,1
WilliamBanzai7.blogspot.com,0,0,0,0,0,0,0,0,0,0,0,1
winkprogress.com,0,0,0,0,0,0,0,0,0,0,0,1
witscience.org,0,0,0,0,0,0,0,0,0,0,0,1
wonkie.com,0,0,0,0,0,0,0,0,0,0,0,1
worldnewsdailyreport.com,0,0,0,0,0,0,0,0,0,0,0,1
wundergroundmusic.com,0,0,0,0,0,0,0,0,0,0,0,1
www.rt.com,0,0,0,0,0,0,0,0,0,1,0,0
aanirfan.blogspot.co.uk,0,0,0,0,1,0,0,0,0,0,0,0
Acting-Man.com,0,0,1,0,1,0,0,0,0,0,0,0
ahtribune.com,0,1,0,0,1,0,0,0,0,0,0,0
allnewspipeline.com,0,0,1,0,1,0,0,0,0,0,0,0
anonews.co,0,0,0,0,1,0,0,0,0,0,0,0
anonhq.com,0,0,0,0,1,0,0,0,0,0,0,0
anonnews.co,0,0,0,0,1,0,0,0,0,0,0,0
asia-pacificresearch.com,0,0,0,0,1,0,0,0,0,0,0,1
AutomaticEarth.com,0,0,0,0,1,0,0,0,0,0,0,0
awm.com,0,1,0,1,1,0,0,0,0,0,0,0
blackagendareport.com,0,0,0,0,1,0,0,0,0,0,0,0
Boilingfrogspost.com,0,0,0,0,1,0,0,0,0,0,0,0
breakpoint.org,0,0,0,0,1,0,0,0,0,0,0,0
bvanews.com,0,1,0,0,1,0,1,0,0,0,0,0
cnnnext.com,0,0,0,0,1,0,0,0,0,0,0,0
CNSNews.com,0,1,0,0,1,0,0,0,0,0,0,0
coasttocoastam.com,0,0,0,0,1,0,0,0,0,0,0,0
conservativeoutfitters.com,0,0,0,1,1,0,0,0,0,0,0,0
DaveJanda.com,0,0,0,0,1,0,0,0,0,0,0,0
dcleaks.com,0,0,0,0,1,0,0,0,0,0,0,0
FinancialSurvivalNetwork.com,0,1,0,0,1,0,0,0,0,0,0,0
guccifer2.wordpress.com,0,0,0,0,1,0,0,0,0,0,0,0
ifyouonlynews.com,0,0,0,0,1,0,0,0,0,0,0,1
jewsnews.co.il,0,1,0,0,1,0,1,0,0,0,0,0
libertynews.com,0,1,0,0,1,0,0,0,0,0,0,0
Mad-Yet.blogspot.com,0,0,0,0,1,0,0,0,0,0,0,0
madpatriots.com,0,0,0,1,1,0,0,0,0,0,0,0
morningledger.com,0,0,1,0,1,0,0,0,0,0,0,0
morningnewsusa.com,0,0,0,0,1,0,0,0,0,0,0,0
nevo.news,0,1,0,0,1,0,0,0,0,0,0,0
newcenturytimes.com,0,1,0,0,1,0,0,0,0,0,0,0
Newsmax.com,0,1,0,0,1,0,0,0,0,0,0,0
northcrane.com,0,0,0,0,1,0,0,0,0,0,0,0
NutritionalAnarchy.com,0,0,0,0,1,0,0,0,0,0,0,0
politicalears.com,0,0,0,1,1,0,0,0,0,0,0,0
politicsintheusa.com,0,1,0,0,1,0,0,0,0,0,0,0
powerpoliticians.com,0,0,0,0,1,0,0,0,0,0,0,0
shareblue.com,0,1,0,0,1,0,0,0,0,0,0,0
SovereignMan.com,0,0,0,0,1,0,0,0,0,0,0,0
theantimedia.org,0,1,1,0,1,0,0,0,0,0,0,0
theduran.com,0,0,0,0,1,0,0,0,0,0,0,0
thefreethoughtproject.com,0,0,1,1,1,0,0,0,0,0,0,0
thegoldandoilguy.com/articles,0,0,0,0,1,0,0,0,0,0,0,0
theinformedamerican.net,0,0,0,0,1,0,0,0,0,0,0,0
thelibertymill.com,0,1,1,0,1,0,0,0,0,0,0,0
usdefensewatch.com,0,0,0,0,1,0,0,0,0,0,0,0
usviewer.com,0,0,0,0,1,0,1,0,0,0,0,0
veteransnewsnow.com,0,1,0,0,1,0,0,0,0,0,0,0
WallStreetOnParade.com,0,0,0,0,1,0,0,0,0,0,0,0
weaselzippers.us,0,1,0,0,1,0,0,0,0,0,0,0
whowhatwhy.com,0,0,0,0,1,0,0,0,0,0,0,0
wikileaks.com,0,0,0,0,1,0,0,0,0,0,0,0
wikileaks.org,0,0,0,0,1,0,0,0,0,0,0,0
WolfStreet.com,0,0,0,0,1,0,0,0,0,0,0,0
thedailybell.com,0,0,0,0,0,0,1,0,0,0,0,0
topratedviral.com,0,0,0,0,0,0,1,0,0,0,0,0
therussophile.org,0,0,0,0,0,0,1,0,0,0,0,0
survivopedia.com,0,0,0,0,0,0,1,0,0,0,0,0
truth-out.org,0,0,0,0,0,0,1,0,0,0,0,0
educateinspirechange.org,0,0,0,0,0,0,1,0,0,0,0,0
thepeoplescube.com,0,0,0,0,0,0,1,0,0,0,0,0
trunews.com,0,0,0,0,0,0,1,0,0,0,0,0
fort-russ.com,0,0,0,0,0,0,1,0,0,0,0,0
sott.net,0,0,0,0,0,0,1,0,0,0,0,0
vonpress.com,0,0,0,0,0,0,1,0,0,0,0,0
miniplanet.us,0,0,0,0,0,0,1,0,0,0,0,0
readynutrition.com,0,0,0,0,0,0,1,0,0,0,0,0
trueactivist.com,0,0,0,0,0,0,1,0,0,0,0,0
opednews.com,0,0,0,0,0,0,1,0,0,0,0,0
legorafi.fr,0,0,0,0,0,0,0,0,0,0,0,1
rbth.com,0,0,0,0,0,0,1,0,0,0,0,0
shiftfrequency.com,0,0,0,0,0,0,1,0,0,0,0,0
therebel.media,0,0,0,0,0,0,1,0,0,0,0,0
the-newspapers.com,0,0,0,0,0,0,1,0,0,0,0,0
sgtreport.com,0,0,0,0,0,0,1,0,0,0,0,0
truthdig.com,0,0,0,0,0,0,1,0,0,0,0,0
eutimes.net,0,0,0,0,0,0,1,0,0,0,0,0
undergroundhealth.com,0,0,0,0,0,0,1,0,0,0,0,0
russia-direct.org,0,0,0,0,0,0,1,0,0,0,0,0
theearthchild.co.za,0,0,0,0,0,0,1,0,0,0,0,0
thesaker.is,0,0,0,0,0,0,1,0,0,0,0,0
therundownlive.com,0,0,0,0,0,0,1,0,0,0,0,0
strategic-culture.org,0,0,0,0,0,0,1,0,0,0,0,0
silverdoctors.com,0,0,0,0,0,0,1,0,0,0,0,0
shadowproof.com,0,0,0,0,0,0,1,0,0,0,0,0
kingworldnews.com,0,0,0,0,0,0,1,0,0,0,0,0
thesleuthjournal.com,0,0,0,0,0,0,1,0,0,0,0,0
toprightnews.com,0,0,0,0,0,0,1,0,0,0,0,0
shtfplan.com,0,0,0,0,0,0,1,0,0,0,0,0
voltairenet.org,0,0,0,0,0,0,1,0,0,0,0,0
spinzon.com,0,0,0,0,0,0,1,0,0,0,0,0
southfront.org,0,0,0,0,0,0,1,0,0,0,0,0
rt.com,0,0,0,0,0,0,1,0,0,0,0,0
reuters.com,1,0,0,0,0,0,0,0,0,0,0,0
yahoo.com,1,0,0,0,0,0,0,0,0,0,0,0
indiatimes.com,1,0,0,0,0,0,0,0,0,0,0,0
huffingtonpost.com,1,0,0,0,0,0,0,0,0,0,0,0
wsj.com,1,0,0,0,0,0,0,0,0,0,0,0
ibtimes.com,1,0,0,0,0,0,0,0,0,0,0,0
businessweek.com,1,0,0,0,0,0,0,0,0,0,0,0
contactmusic.com,1,0,0,0,0,0,0,0,0,0,0,0
dailymail.co.uk,1,0,0,0,0,0,0,0,0,0,0,0
nasdaq.com,1,0,0,0,0,0,0,0,0,0,0,0
examiner.com,1,0,0,0,0,0,0,0,0,0,0,0
bizjournals.com,1,0,0,0,0,0,0,0,0,0,0,0
latimes.com,1,0,0,0,0,0,0,0,0,0,0,0
globalpost.com,1,0,0,0,0,0,0,0,0,0,0,0
marketwatch.com,1,0,0,0,0,0,0,0,0,0,0,0
rttnews.com,1,0,0,0,0,0,0,0,0,0,0,0
thecelebritycafe.com,1,0,0,0,0,0,0,0,0,0,0,0
washingtonpost.com,1,0,0,0,0,0,0,0,0,0,0,0
entertainmentwise.com,1,0,0,0,0,0,0,0,0,0,0,0
cbslocal.com,1,0,0,0,0,0,0,0,0,0,0,0
forbes.com,1,0,0,0,0,0,0,0,0,0,0,0
bloomberg.com,1,0,0,0,0,0,0,0,0,0,0,0
nydailynews.com,1,0,0,0,0,0,0,0,0,0,0,0
time.com,1,0,0,0,0,0,0,0,0,0,0,0
perezhilton.com,1,0,0,0,0,0,0,0,0,0,0,0
hngn.com,1,0,0,0,0,0,0,0,0,0,0,0
telegraph.co.uk,1,0,0,0,0,0,0,0,0,0,0,0
theguardian.com,1,0,0,0,0,0,0,0,0,0,0,0
usatoday.com,1,0,0,0,0,0,0,0,0,0,0,0
wetpaint.com,1,0,0,0,0,0,0,0,0,0,0,0
ndtv.com,1,0,0,0,0,0,0,0,0,0,0,0
techtimes.com,1,0,0,0,0,0,0,0,0,0,0,0
business-standard.com,1,0,0,0,0,0,0,0,0,0,0,0
fool.com,1,0,0,0,0,0,0,0,0,0,0,0
msn.com,1,0,0,0,0,0,0,0,0,0,0,0
cnbc.com,1,0,0,0,0,0,0,0,0,0,0,0
inquisitr.com,1,0,0,0,0,0,0,0,0,0,0,0
seekingalpha.com,1,0,0,0,0,0,0,0,0,0,0,0
thestreet.com,1,0,0,0,0,0,0,0,0,0,0,0
independent.ie,1,0,0,0,0,0,0,0,0,0,0,0
ibtimes.co.uk,1,0,0,0,0,0,0,0,0,0,0,0
bbc.co.uk,1,0,0,0,0,0,0,0,0,0,0,0
brecorder.com,1,0,0,0,0,0,0,0,0,0,0,0
hollywoodlife.com,1,0,0,0,0,0,0,0,0,0,0,0
independent.co.uk,1,0,0,0,0,0,0,0,0,0,0,0
india.com,1,0,0,0,0,0,0,0,0,0,0,0
newser.com,1,0,0,0,0,0,0,0,0,0,0,0
iol.co.za,1,0,0,0,0,0,0,0,0,0,0,0
ctvnews.ca,1,0,0,0,0,0,0,0,0,0,0,0
businessinsider.in,1,0,0,0,0,0,0,0,0,0,0,0
cbsnews.com,1,0,0,0,0,0,0,0,0,0,0,0
foxnews.com,1,0,0,0,0,0,0,0,0,0,0,0
fashiontimes.com,1,0,0,0,0,0,0,0,0,0,0,0
investing.com,1,0,0,0,0,0,0,0,0,0,0,0
valuewalk.com,1,0,0,0,0,0,0,0,0,0,0,0
hollywoodreporter.com,1,0,0,0,0,0,0,0,0,0,0,0
belfasttelegraph.co.uk,1,0,0,0,0,0,0,0,0,0,0,0
delhidailynews.com,1,0,0,0,0,0,0,0,0,0,0,0
theglobeandmail.com,1,0,0,0,0,0,0,0,0,0,0,0
go.com,1,0,0,0,0,0,0,0,0,0,0,0
greenfieldreporter.com,1,0,0,0,0,0,0,0,0,0,0,0
firstpost.com,1,0,0,0,0,0,0,0,0,0,0,0
broadwayworld.com,1,0,0,0,0,0,0,0,0,0,0,0
upi.com,1,0,0,0,0,0,0,0,0,0,0,0
cnet.com,1,0,0,0,0,0,0,0,0,0,0,0
latinpost.com,1,0,0,0,0,0,0,0,0,0,0,0
ubergizmo.com,1,0,0,0,0,0,0,0,0,0,0,0
aceshowbiz.com,1,0,0,0,0,0,0,0,0,0,0,0
newsday.com,1,0,0,0,0,0,0,0,0,0,0,0
investors.com,1,0,0,0,0,0,0,0,0,0,0,0
thehollywoodgossip.com,1,0,0,0,0,0,0,0,0,0,0,0
designntrend.com,1,0,0,0,0,0,0,0,0,0,0,0
smh.com.au,1,0,0,0,0,0,0,0,0,0,0,0
philly.com,1,0,0,0,0,0,0,0,0,0,0,0
tribtown.com,1,0,0,0,0,0,0,0,0,0,0,0
firstcoastnews.com,1,0,0,0,0,0,0,0,0,0,0,0
webpronews.com,1,0,0,0,0,0,0,0,0,0,0,0
digitalspy.com,1,0,0,0,0,0,0,0,0,0,0,0
mashable.com,1,0,0,0,0,0,0,0,0,0,0,0
theepochtimes.com,1,0,0,0,0,0,0,0,0,0,0,0
justjared.com,1,0,0,0,0,0,0,0,0,0,0,0
ew.com,1,0,0,0,0,0,0,0,0,0,0,0
news.com.au,1,0,0,0,0,0,0,0,0,0,0,0
financialexpress.com,1,0,0,0,0,0,0,0,0,0,0,0
foxbusiness.com,1,0,0,0,0,0,0,0,0,0,0,0
usmagazine.com,1,0,0,0,0,0,0,0,0,0,0,0
realitytvworld.com,1,0,0,0,0,0,0,0,0,0,0,0
benzinga.com,1,0,0,0,0,0,0,0,0,0,0,0
cbc.ca,1,0,0,0,0,0,0,0,0,0,0,0
businessinsider.com,1,0,0,0,0,0,0,0,0,0,0,0
themalaymailonline.com,1,0,0,0,0,0,0,0,0,0,0,0
cnn.com,1,0,0,0,0,0,0,0,0,0,0,0
bostonglobe.com,1,0,0,0,0,0,0,0,0,0,0,0
mirror.co.uk,1,0,0,0,0,0,0,0,0,0,0,0
digitalspy.co.uk,1,0,0,0,0,0,0,0,0,0,0,0
streetinsider.com,1,0,0,0,0,0,0,0,0,0,0,0
stuff.co.nz,1,0,0,0,0,0,0,0,0,0,0,0
zap2it.com,1,0,0,0,0,0,0,0,0,0,0,0
slashgear.com,1,0,0,0,0,0,0,0,0,0,0,0
huffingtonpost.co.uk,1,0,0,0,0,0,0,0,0,0,0,0
chicagotribune.com,1,0,0,0,0,0,0,0,0,0,0,0
geeky-gadgets.com,1,0,0,0,0,0,0,0,0,0,0,0
moneynews.com,1,0,0,0,0,0,0,0,0,0,0,0
canoe.ca,1,0,0,0,0,0,0,0,0,0,0,0
vulture.com,1,0,0,0,0,0,0,0,0,0,0,0
sfgate.com,1,0,0,0,0,0,0,0,0,0,0,0
techcrunch.com,1,0,0,0,0,0,0,0,0,0,0,0
3news.co.nz,1,0,0,0,0,0,0,0,0,0,0,0
freep.com,1,0,0,0,0,0,0,0,0,0,0,0
variety.com,1,0,0,0,0,0,0,0,0,0,0,0
sheknows.com,1,0,0,0,0,0,0,0,0,0,0,0
pcmag.com,1,0,0,0,0,0,0,0,0,0,0,0
engadget.com,1,0,0,0,0,0,0,0,0,0,0,0
fxstreet.com,1,0,0,0,0,0,0,0,0,0,0,0
gulfnews.com,1,0,0,0,0,0,0,0,0,0,0,0
lse.co.uk,1,0,0,0,0,0,0,0,0,0,0,0
rte.ie,1,0,0,0,0,0,0,0,0,0,0,0
christianpost.com,1,0,0,0,0,0,0,0,0,0,0,0
thestar.com,1,0,0,0,0,0,0,0,0,0,0,0
techradar.com,1,0,0,0,0,0,0,0,0,0,0,0
dailydigestnews.com,1,0,0,0,0,0,0,0,0,0,0,0
irishtimes.com,1,0,0,0,0,0,0,0,0,0,0,0
csmonitor.com,1,0,0,0,0,0,0,0,0,0,0,0
newsmax.com,1,0,0,0,0,0,0,0,0,0,0,0
cafemom.com,1,0,0,0,0,0,0,0,0,0,0,0
boston.com,1,0,0,0,0,0,0,0,0,0,0,0
bgr.com,1,0,0,0,0,0,0,0,0,0,0,0
express.co.uk,1,0,0,0,0,0,0,0,0,0,0,0
bignewsnetwork.com,1,0,0,0,0,0,0,0,0,0,0,0
nypost.com,1,0,0,0,0,0,0,0,0,0,0,0
mstarz.com,1,0,0,0,0,0,0,0,0,0,0,0
thewrap.com,1,0,0,0,0,0,0,0,0,0,0,0
digitaljournal.com,1,0,0,0,0,0,0,0,0,0,0,0
starpulse.com,1,0,0,0,0,0,0,0,0,0,0,0
skynews.com.au,1,0,0,0,0,0,0,0,0,0,0,0
androidheadlines.com,1,0,0,0,0,0,0,0,0,0,0,0
techsonia.com,1,0,0,0,0,0,0,0,0,0,0,0
in.com,1,0,0,0,0,0,0,0,0,0,0,0
theweek.com,1,0,0,0,0,0,0,0,0,0,0,0
newsok.com,1,0,0,0,0,0,0,0,0,0,0,0
slate.com,1,0,0,0,0,0,0,0,0,0,0,0
investorplace.com,1,0,0,0,0,0,0,0,0,0,0,0
irishmirror.ie,1,0,0,0,0,0,0,0,0,0,0,0
venturebeat.com,1,0,0,0,0,0,0,0,0,0,0,0
mtv.com,1,0,0,0,0,0,0,0,0,0,0,0
zdnet.com,1,0,0,0,0,0,0,0,0,0,0,0
cinemablend.com,1,0,0,0,0,0,0,0,0,0,0,0
thefootballexaminer.com,1,0,0,0,0,0,0,0,0,0,0,0
capital.gr,1,0,0,0,0,0,0,0,0,0,0,0
complex.com,1,0,0,0,0,0,0,0,0,0,0,0
startribune.com,1,0,0,0,0,0,0,0,0,0,0,0
theregister.co.uk,1,0,0,0,0,0,0,0,0,0,0,0
detroitnews.com,1,0,0,0,0,0,0,0,0,0,0,0
oregonlive.com,1,0,0,0,0,0,0,0,0,0,0,0
hollywood.com,1,0,0,0,0,0,0,0,0,0,0,0
wallstcheatsheet.com,1,0,0,0,0,0,0,0,0,0,0,0
celebdirtylaundry.com,1,0,0,0,0,0,0,0,0,0,0,0
scmp.com,1,0,0,0,0,0,0,0,0,0,0,0
ifamagazine.com,1,0,0,0,0,0,0,0,0,0,0,0
metro.co.uk,1,0,0,0,0,0,0,0,0,0,0,0
ibtimes.co.in,1,0,0,0,0,0,0,0,0,0,0,0
celebuzz.com,1,0,0,0,0,0,0,0,0,0,0,0
ign.com,1,0,0,0,0,0,0,0,0,0,0,0
thedailybeast.com,1,0,0,0,0,0,0,0,0,0,0,0
411mania.com,1,0,0,0,0,0,0,0,0,0,0,0
dallasnews.com,1,0,0,0,0,0,0,0,0,0,0,0
nvonews.com,1,0,0,0,0,0,0,0,0,0,0,0
itv.com,1,0,0,0,0,0,0,0,0,0,0,0
suntimes.com,1,0,0,0,0,0,0,0,0,0,0,0
nj.com,1,0,0,0,0,0,0,0,0,0,0,0
thewire.com,1,0,0,0,0,0,0,0,0,0,0,0
azcentral.com,1,0,0,0,0,0,0,0,0,0,0,0
hitfix.com,1,0,0,0,0,0,0,0,0,0,0,0
comicbook.com,1,0,0,0,0,0,0,0,0,0,0,0
fashionnstyle.com,1,0,0,0,0,0,0,0,0,0,0,0
247wallst.com,1,0,0,0,0,0,0,0,0,0,0,0
theverge.com,1,0,0,0,0,0,0,0,0,0,0,0
gossipcop.com,1,0,0,0,0,0,0,0,0,0,0,0
law360.com,1,0,0,0,0,0,0,0,0,0,0,0
uproxx.com,1,0,0,0,0,0,0,0,0,0,0,0
mercurynews.com,1,0,0,0,0,0,0,0,0,0,0,0
itproportal.com,1,0,0,0,0,0,0,0,0,0,0,0
people.com,1,0,0,0,0,0,0,0,0,0,0,0
fansided.com,1,0,0,0,0,0,0,0,0,0,0,0
intoday.in,1,0,0,0,0,0,0,0,0,0,0,0
cityam.com,1,0,0,0,0,0,0,0,0,0,0,0
billboard.com,1,0,0,0,0,0,0,0,0,0,0,0
msn.co.nz,1,0,0,0,0,0,0,0,0,0,0,0
deccanchronicle.com,1,0,0,0,0,0,0,0,0,0,0,0
dispatch.com,1,0,0,0,0,0,0,0,0,0,0,0
tele-management.ca,1,0,0,0,0,0,0,0,0,0,0,0
euronews.com,1,0,0,0,0,0,0,0,0,0,0,0
redorbit.com,1,0,0,0,0,0,0,0,0,0,0,0
wickedlocal.com,1,0,0,0,0,0,0,0,0,0,0,0
rawstory.com,1,0,0,0,0,0,0,0,0,0,0,0
businesstimes.com.sg,1,0,0,0,0,0,0,0,0,0,0,0
huffingtonpost.ca,1,0,0,0,0,0,0,0,0,0,0,0
scienceworldreport.com,1,0,0,0,0,0,0,0,0,0,0,0
thestar.com.my,1,0,0,0,0,0,0,0,0,0,0,0
thespec.com,1,0,0,0,0,0,0,0,0,0,0,0
journalgazette.net,1,0,0,0,0,0,0,0,0,0,0,0
barrons.com,1,0,0,0,0,0,0,0,0,0,0,0
al.com,1,0,0,0,0,0,0,0,0,0,0,0
livemint.com,1,0,0,0,0,0,0,0,0,0,0,0
chinapost.com.tw,1,0,0,0,0,0,0,0,0,0,0,0
indiewire.com,1,0,0,0,0,0,0,0,0,0,0,0
thenextweb.com,1,0,0,0,0,0,0,0,0,0,0,0
jezebel.com,1,0,0,0,0,0,0,0,0,0,0,0
thetimes.co.uk,1,0,0,0,0,0,0,0,0,0,0,0
hindustantimes.com,1,0,0,0,0,0,0,0,0,0,0,0
tmz.com,1,0,0,0,0,0,0,0,0,0,0,0
beautyworldnews.com,1,0,0,0,0,0,0,0,0,0,0,0
digitaltrends.com,1,0,0,0,0,0,0,0,0,0,0,0
triblive.com,1,0,0,0,0,0,0,0,0,0,0,0
avclub.com,1,0,0,0,0,0,0,0,0,0,0,0
computerworld.com,1,0,0,0,0,0,0,0,0,0,0,0
financialpost.com,1,0,0,0,0,0,0,0,0,0,0,0
seattletimes.com,1,0,0,0,0,0,0,0,0,0,0,0
moviepilot.com,1,0,0,0,0,0,0,0,0,0,0,0
allafrica.com,1,0,0,0,0,0,0,0,0,0,0,0
recode.net,1,0,0,0,0,0,0,0,0,0,0,0
insurancenewsnet.com,1,0,0,0,0,0,0,0,0,0,0,0
sltrib.com,1,0,0,0,0,0,0,0,0,0,0,0
globalnews.ca,1,0,0,0,0,0,0,0,0,0,0,0
enstarz.com,1,0,0,0,0,0,0,0,0,0,0,0
deadline.com,1,0,0,0,0,0,0,0,0,0,0,0
actionforex.com,1,0,0,0,0,0,0,0,0,0,0,0
cleveland.com,1,0,0,0,0,0,0,0,0,0,0,0
rumorfix.com,1,0,0,0,0,0,0,0,0,0,0,0
newstonight.co.za,1,0,0,0,0,0,0,0,0,0,0,0
arstechnica.com,1,0,0,0,0,0,0,0,0,0,0,0
autoworldnews.com,1,0,0,0,0,0,0,0,0,0,0,0
todayonline.com,1,0,0,0,0,0,0,0,0,0,0,0
thestandard.com.hk,1,0,0,0,0,0,0,0,0,0,0,0
channelnewsasia.com,1,0,0,0,0,0,0,0,0,0,0,0
allvoices.com,1,0,0,0,0,0,0,0,0,0,0,0
dnaindia.com,1,0,0,0,0,0,0,0,0,0,0,0
nbcbayarea.com,1,0,0,0,0,0,0,0,0,0,0,0
seattlepi.com,1,0,0,0,0,0,0,0,0,0,0,0
salon.com,1,0,0,0,0,0,0,0,0,0,0,0
contracostatimes.com,1,0,0,0,0,0,0,0,0,0,0,0
zacks.com,1,0,0,0,0,0,0,0,0,0,0,0
telegram.com,1,0,0,0,0,0,0,0,0,0,0,0
stltoday.com,1,0,0,0,0,0,0,0,0,0,0,0
channel24.co.za,1,0,0,0,0,0,0,0,0,0,0,0
bidnessetc.com,1,0,0,0,0,0,0,0,0,0,0,0
nationalpost.com,1,0,0,0,0,0,0,0,0,0,0,0
voiceofrussia.com,1,0,0,0,0,0,0,0,0,0,0,0
straitstimes.com,1,0,0,0,0,0,0,0,0,0,0,0
dailystar.co.uk,1,0,0,0,0,0,0,0,0,0,0,0
dailycaller.com,1,0,0,0,0,0,0,0,0,0,0,0
shanghaidaily.com,1,0,0,0,0,0,0,0,0,0,0,0
refinery29.com,1,0,0,0,0,0,0,0,0,0,0,0
bgr.in,1,0,0,0,0,0,0,0,0,0,0,0
thonline.com,1,0,0,0,0,0,0,0,0,0,0,0
extratv.com,1,0,0,0,0,0,0,0,0,0,0,0
thehill.com,1,0,0,0,0,0,0,0,0,0,0,0
pressherald.com,1,0,0,0,0,0,0,0,0,0,0,0
washingtontimes.com,1,0,0,0,0,0,0,0,0,0,0,0
your-story.org,1,0,0,0,0,0,0,0,0,0,0,0
mtv.co.uk,1,0,0,0,0,0,0,0,0,0,0,0
nola.com,1,0,0,0,0,0,0,0,0,0,0,0
tvnz.co.nz,1,0,0,0,0,0,0,0,0,0,0,0
businessspectator.com.au,1,0,0,0,0,0,0,0,0,0,0,0
qz.com,1,0,0,0,0,0,0,0,0,0,0,0
japantimes.co.jp,1,0,0,0,0,0,0,0,0,0,0,0
cartermatt.com,1,0,0,0,0,0,0,0,0,0,0,0
abc.net.au,1,0,0,0,0,0,0,0,0,0,0,0
accesshollywood.com,1,0,0,0,0,0,0,0,0,0,0,0
technologytell.com,1,0,0,0,0,0,0,0,0,0,0,0
hypable.com,1,0,0,0,0,0,0,0,0,0,0,0
today.com,1,0,0,0,0,0,0,0,0,0,0,0
pulse2.com,1,0,0,0,0,0,0,0,0,0,0,0
kwtx.com,1,0,0,0,0,0,0,0,0,0,0,0
medicaldaily.com,1,0,0,0,0,0,0,0,0,0,0,0
amny.com,1,0,0,0,0,0,0,0,0,0,0,0
patch.com,1,0,0,0,0,0,0,0,0,0,0,0
rappler.com,1,0,0,0,0,0,0,0,0,0,0,0
aljazeera.com,1,0,0,0,0,0,0,0,0,0,0,0
standard.co.uk,1,0,0,0,0,0,0,0,0,0,0,0
consumerist.com,1,0,0,0,0,0,0,0,0,0,0,0
motoringcrunch.com,1,0,0,0,0,0,0,0,0,0,0,0
spokesman.com,1,0,0,0,0,0,0,0,0,0,0,0
bdlive.co.za,1,0,0,0,0,0,0,0,0,0,0,0
showbizspy.com,1,0,0,0,0,0,0,0,0,0,0,0
thehindubusinessline.com,1,0,0,0,0,0,0,0,0,0,0,0
americanlivewire.com,1,0,0,0,0,0,0,0,0,0,0,0
bangkokpost.com,1,0,0,0,0,0,0,0,0,0,0,0
cambio.com,1,0,0,0,0,0,0,0,0,0,0,0
moneycontrol.com,1,0,0,0,0,0,0,0,0,0,0,0
vancouversun.com,1,0,0,0,0,0,0,0,0,0,0,0
itbusinessnet.com,1,0,0,0,0,0,0,0,0,0,0,0
ksdk.com,1,0,0,0,0,0,0,0,0,0,0,0
androidcommunity.com,1,0,0,0,0,0,0,0,0,0,0,0
business2community.com,1,0,0,0,0,0,0,0,0,0,0,0
metronews.ca,1,0,0,0,0,0,0,0,0,0,0,0
bostonherald.com,1,0,0,0,0,0,0,0,0,0,0,0
ninemsn.com.au,1,0,0,0,0,0,0,0,0,0,0,0
syracuse.com,1,0,0,0,0,0,0,0,0,0,0,0
chron.com,1,0,0,0,0,0,0,0,0,0,0,0
wptv.com,1,0,0,0,0,0,0,0,0,0,0,0
globalgrind.com,1,0,0,0,0,0,0,0,0,0,0,0
rt.com,1,0,0,0,0,0,0,0,0,0,0,0
jagran.com,1,0,0,0,0,0,0,0,0,0,0,0
indianexpress.com,1,0,0,0,0,0,0,0,0,0,0,0
pagesix.com,1,0,0,0,0,0,0,0,0,0,0,0
universityherald.com,1,0,0,0,0,0,0,0,0,0,0,0
toofab.com,1,0,0,0,0,0,0,0,0,0,0,0
natureworldnews.com,1,0,0,0,0,0,0,0,0,0,0,0
etcanada.com,1,0,0,0,0,0,0,0,0,0,0,0
wtsp.com,1,0,0,0,0,0,0,0,0,0,0,0
breitbart.com,1,0,0,0,0,0,0,0,0,0,0,0
io9.com,1,0,0,0,0,0,0,0,0,0,0,0
newsledge.com,1,0,0,0,0,0,0,0,0,0,0,0
rollingstone.com,1,0,0,0,0,0,0,0,0,0,0,0
binarytribune.com,1,0,0,0,0,0,0,0,0,0,0,0
craveonline.com,1,0,0,0,0,0,0,0,0,0,0,0
gigaom.com,1,0,0,0,0,0,0,0,0,0,0,0
denverpost.com,1,0,0,0,0,0,0,0,0,0,0,0
screencrush.com,1,0,0,0,0,0,0,0,0,0,0,0
gawker.com,1,0,0,0,0,0,0,0,0,0,0,0
thewestsidestory.net,1,0,0,0,0,0,0,0,0,0,0,0
technobuffalo.com,1,0,0,0,0,0,0,0,0,0,0,0
pocket-lint.com,1,0,0,0,0,0,0,0,0,0,0,0
virtual-strategy.com,1,0,0,0,0,0,0,0,0,0,0,0
marketpulse.com,1,0,0,0,0,0,0,0,0,0,0,0
dailytimes.com.pk,1,0,0,0,0,0,0,0,0,0,0,0
theinquirer.net,1,0,0,0,0,0,0,0,0,0,0,0
trustedreviews.com,1,0,0,0,0,0,0,0,0,0,0,0
hellomagazine.com,1,0,0,0,0,0,0,0,0,0,0,0
emirates247.com,1,0,0,0,0,0,0,0,0,0,0,0
escapistmagazine.com,1,0,0,0,0,0,0,0,0,0,0,0
mlive.com,1,0,0,0,0,0,0,0,0,0,0,0
kansascity.com,1,0,0,0,0,0,0,0,0,0,0,0
crushable.com,1,0,0,0,0,0,0,0,0,0,0,0
phandroid.com,1,0,0,0,0,0,0,0,0,0,0,0
news-medical.net,1,0,0,0,0,0,0,0,0,0,0,0
heatworld.com,1,0,0,0,0,0,0,0,0,0,0,0
enca.com,1,0,0,0,0,0,0,0,0,0,0,0
utahpeoplespost.com,1,0,0,0,0,0,0,0,0,0,0,0
gsmarena.com,1,0,0,0,0,0,0,0,0,0,0,0
thepeninsulaqatar.com,1,0,0,0,0,0,0,0,0,0,0,0
popcrush.com,1,0,0,0,0,0,0,0,0,0,0,0
nme.com,1,0,0,0,0,0,0,0,0,0,0,0
hereisthecity.com,1,0,0,0,0,0,0,0,0,0,0,0
dailyfinance.com,1,0,0,0,0,0,0,0,0,0,0,0
phys.org,1,0,0,0,0,0,0,0,0,0,0,0
tulsaworld.com,1,0,0,0,0,0,0,0,0,0,0,0
heraldscotland.com,1,0,0,0,0,0,0,0,0,0,0,0
moviefone.com,1,0,0,0,0,0,0,0,0,0,0,0
canada.com,1,0,0,0,0,0,0,0,0,0,0,0
theindependent.com,1,0,0,0,0,0,0,0,0,0,0,0
iii.co.uk,1,0,0,0,0,0,0,0,0,0,0,0
panarmenian.net,1,0,0,0,0,0,0,0,0,0,0,0
siliconrepublic.com,1,0,0,0,0,0,0,0,0,0,0,0
thefusejoplin.com,1,0,0,0,0,0,0,0,0,0,0,0
tickerreport.com,1,0,0,0,0,0,0,0,0,0,0,0
etonline.com,1,0,0,0,0,0,0,0,0,0,0,0
sbs.com.au,1,0,0,0,0,0,0,0,0,0,0,0
appadvice.com,1,0,0,0,0,0,0,0,0,0,0,0
gizbot.com,1,0,0,0,0,0,0,0,0,0,0,0
modernreaders.com,1,0,0,0,0,0,0,0,0,0,0,0
geekwire.com,1,0,0,0,0,0,0,0,0,0,0,0
appleinsider.com,1,0,0,0,0,0,0,0,0,0,0,0
theledger.com,1,0,0,0,0,0,0,0,0,0,0,0
androidauthority.com,1,0,0,0,0,0,0,0,0,0,0,0
calgaryherald.com,1,0,0,0,0,0,0,0,0,0,0,0
mediapost.com,1,0,0,0,0,0,0,0,0,0,0,0
theprovince.com,1,0,0,0,0,0,0,0,0,0,0,0
worldbulletin.net,1,0,0,0,0,0,0,0,0,0,0,0
thechronicleherald.ca,1,0,0,0,0,0,0,0,0,0,0,0
wired.com,1,0,0,0,0,0,0,0,0,0,0,0
tv3.ie,1,0,0,0,0,0,0,0,0,0,0,0
irishexaminer.com,1,0,0,0,0,0,0,0,0,0,0,0
gulf-times.com,1,0,0,0,0,0,0,0,0,0,0,0
dw.de,1,0,0,0,0,0,0,0,0,0,0,0
phonedog.com,1,0,0,0,0,0,0,0,0,0,0,0
indiatvnews.com,1,0,0,0,0,0,0,0,0,0,0,0
ktvn.com,1,0,0,0,0,0,0,0,0,0,0,0
timesunion.com,1,0,0,0,0,0,0,0,0,0,0,0
droid-life.com,1,0,0,0,0,0,0,0,0,0,0,0
counselheal.com,1,0,0,0,0,0,0,0,0,0,0,0
gmanetwork.com,1,0,0,0,0,0,0,0,0,0,0,0
denofgeek.us,1,0,0,0,0,0,0,0,0,0,0,0
musictimes.com,1,0,0,0,0,0,0,0,0,0,0,0
houstonchronicle.com,1,0,0,0,0,0,0,0,0,0,0,0
columbusceo.com,1,0,0,0,0,0,0,0,0,0,0,0
theaustralian.com.au,1,0,0,0,0,0,0,0,0,0,0,0
chinatopix.com,1,0,0,0,0,0,0,0,0,0,0,0
dailyjournal.net,1,0,0,0,0,0,0,0,0,0,0,0
leaderpost.com,1,0,0,0,0,0,0,0,0,0,0,0
inquirer.net,1,0,0,0,0,0,0,0,0,0,0,0
kmbz.com,1,0,0,0,0,0,0,0,0,0,0,0
hothardware.com,1,0,0,0,0,0,0,0,0,0,0,0
slashfilm.com,1,0,0,0,0,0,0,0,0,0,0,0
kspr.com,1,0,0,0,0,0,0,0,0,0,0,0
theblaze.com,1,0,0,0,0,0,0,0,0,0,0,0
entertainment.ie,1,0,0,0,0,0,0,0,0,0,0,0
gizmodo.in,1,0,0,0,0,0,0,0,0,0,0,0
yottafire.com,1,0,0,0,0,0,0,0,0,0,0,0
fxempire.com,1,0,0,0,0,0,0,0,0,0,0,0
news-journal.com,1,0,0,0,0,0,0,0,0,0,0,0
proactiveinvestors.com,1,0,0,0,0,0,0,0,0,0,0,0
geek.com,1,0,0,0,0,0,0,0,0,0,0,0
zimbio.com,1,0,0,0,0,0,0,0,0,0,0,0
thedenverchannel.com,1,0,0,0,0,0,0,0,0,0,0,0
news24.com,1,0,0,0,0,0,0,0,0,0,0,0
pastemagazine.com,1,0,0,0,0,0,0,0,0,0,0,0
mediaite.com,1,0,0,0,0,0,0,0,0,0,0,0
nzcity.co.nz,1,0,0,0,0,0,0,0,0,0,0,0
vibe.com,1,0,0,0,0,0,0,0,0,0,0,0
wtvr.com,1,0,0,0,0,0,0,0,0,0,0,0
thestarphoenix.com,1,0,0,0,0,0,0,0,0,0,0,0
latintimes.com,1,0,0,0,0,0,0,0,0,0,0,0
reviewjournal.com,1,0,0,0,0,0,0,0,0,0,0,0
gizmodo.com,1,0,0,0,0,0,0,0,0,0,0,0
nymag.com,1,0,0,0,0,0,0,0,0,0,0,0
presstv.ir,1,0,0,0,0,0,0,0,0,0,0,0
domain-b.com,1,0,0,0,0,0,0,0,0,0,0,0
jrn.com,1,0,0,0,0,0,0,0,0,0,0,0
ok.co.uk,1,0,0,0,0,0,0,0,0,0,0,0
thefadaily.com,1,0,0,0,0,0,0,0,0,0,0,0
montrealgazette.com,1,0,0,0,0,0,0,0,0,0,0,0
orlandosentinel.com,1,0,0,0,0,0,0,0,0,0,0,0
radaronline.com,1,0,0,0,0,0,0,0,0,0,0,0
thedrum.com,1,0,0,0,0,0,0,0,0,0,0,0
androidorigin.com,1,0,0,0,0,0,0,0,0,0,0,0
latinospost.com,1,0,0,0,0,0,0,0,0,0,0,0
northjersey.com,1,0,0,0,0,0,0,0,0,0,0,0
twst.com,1,0,0,0,0,0,0,0,0,0,0,0
medicalxpress.com,1,0,0,0,0,0,0,0,0,0,0,0
eweek.com,1,0,0,0,0,0,0,0,0,0,0,0
sciencerecorder.com,1,0,0,0,0,0,0,0,0,0,0,0
usfinancepost.com,1,0,0,0,0,0,0,0,0,0,0,0
tampabay.com,1,0,0,0,0,0,0,0,0,0,0,0
politico.com,1,0,0,0,0,0,0,0,0,0,0,0
gantdaily.com,1,0,0,0,0,0,0,0,0,0,0,0
justjaredjr.com,1,0,0,0,0,0,0,0,0,0,0,0
canadajournal.net,1,0,0,0,0,0,0,0,0,0,0,0
usnews.com,1,0,0,0,0,0,0,0,0,0,0,0
hiphopwired.com,1,0,0,0,0,0,0,0,0,0,0,0
popdust.com,1,0,0,0,0,0,0,0,0,0,0,0
sugarscape.com,1,0,0,0,0,0,0,0,0,0,0,0
lubbockonline.com,1,0,0,0,0,0,0,0,0,0,0,0
techtree.com,1,0,0,0,0,0,0,0,0,0,0,0
the-japan-news.com,1,0,0,0,0,0,0,0,0,0,0,0
voanews.com,1,0,0,0,0,0,0,0,0,0,0,0
omantribune.com,1,0,0,0,0,0,0,0,0,0,0,0
malaysiasun.com,1,0,0,0,0,0,0,0,0,0,0,0
streetwise.co,1,0,0,0,0,0,0,0,0,0,0,0
buffalonews.com,1,0,0,0,0,0,0,0,0,0,0,0
tradingroom.com.au,1,0,0,0,0,0,0,0,0,0,0,0
nst.com.my,1,0,0,0,0,0,0,0,0,0,0,0
kfor.com,1,0,0,0,0,0,0,0,0,0,0,0
hollywoodtake.com,1,0,0,0,0,0,0,0,0,0,0,0
buzzfeed.com,1,0,0,0,0,0,0,0,0,0,0,0
10news.com,1,0,0,0,0,0,0,0,0,0,0,0
starcasm.net,1,0,0,0,0,0,0,0,0,0,0,0
thehindu.com,1,0,0,0,0,0,0,0,0,0,0,0
news-sentinel.com,1,0,0,0,0,0,0,0,0,0,0,0
ntd.tv,1,0,0,0,0,0,0,0,0,0,0,0
freepressjournal.in,1,0,0,0,0,0,0,0,0,0,0,0
mdjonline.com,1,0,0,0,0,0,0,0,0,0,0,0
stockhouse.com,1,0,0,0,0,0,0,0,0,0,0,0
invezz.com,1,0,0,0,0,0,0,0,0,0,0,0
toptechnews.com,1,0,0,0,0,0,0,0,0,0,0,0
heraldnet.com,1,0,0,0,0,0,0,0,0,0,0,0
pcworld.com,1,0,0,0,0,0,0,0,0,0,0,0
gossipandgab.com,1,0,0,0,0,0,0,0,0,0,0,0
idolator.com,1,0,0,0,0,0,0,0,0,0,0,0
ecns.cn,1,0,0,0,0,0,0,0,0,0,0,0
unrealitytv.co.uk,1,0,0,0,0,0,0,0,0,0,0,0
gigwise.com,1,0,0,0,0,0,0,0,0,0,0,0
wegotthiscovered.com,1,0,0,0,0,0,0,0,0,0,0,0
thegardenisland.com,1,0,0,0,0,0,0,0,0,0,0,0
omanobserver.om,1,0,0,0,0,0,0,0,0,0,0,0
bhaskar.com,1,0,0,0,0,0,0,0,0,0,0,0
gamerheadlines.com,1,0,0,0,0,0,0,0,0,0,0,0
eastidahonews.com,1,0,0,0,0,0,0,0,0,0,0,0
reveal.co.uk,1,0,0,0,0,0,0,0,0,0,0,0
timescolonist.com,1,0,0,0,0,0,0,0,0,0,0,0
indianagazette.com,1,0,0,0,0,0,0,0,0,0,0,0
castanet.net,1,0,0,0,0,0,0,0,0,0,0,0
thebitbag.com,1,0,0,0,0,0,0,0,0,0,0,0
wkrb13.com,1,0,0,0,0,0,0,0,0,0,0,0
dawn.com,1,0,0,0,0,0,0,0,0,0,0,0
newsmaine.net,1,0,0,0,0,0,0,0,0,0,0,0
buenosairesherald.com,1,0,0,0,0,0,0,0,0,0,0,0
frenchtribune.com,1,0,0,0,0,0,0,0,0,0,0,0
anglechronicle.com,1,0,0,0,0,0,0,0,0,0,0,0
sddt.com,1,0,0,0,0,0,0,0,0,0,0,0
masslive.com,1,0,0,0,0,0,0,0,0,0,0,0
expertreviews.co.uk,1,0,0,0,0,0,0,0,0,0,0,0
dailystar.com.lb,1,0,0,0,0,0,0,0,0,0,0,0
cultofmac.com,1,0,0,0,0,0,0,0,0,0,0,0
wnd.com,1,0,0,0,0,0,0,0,0,0,0,0
statecolumn.com,1,0,0,0,0,0,0,0,0,0,0,0
antimusic.com,1,0,0,0,0,0,0,0,0,0,0,0
mideasttime.com,1,0,0,0,0,0,0,0,0,0,0,0
topnews.us,1,0,0,0,0,0,0,0,0,0,0,0
pcadvisor.co.uk,1,0,0,0,0,0,0,0,0,0,0,0
pennlive.com,1,0,0,0,0,0,0,0,0,0,0,0
glamour.com,1,0,0,0,0,0,0,0,0,0,0,0
asianage.com,1,0,0,0,0,0,0,0,0,0,0,0
latinopost.com,1,0,0,0,0,0,0,0,0,0,0,0
pnj.com,1,0,0,0,0,0,0,0,0,0,0,0
myfox8.com,1,0,0,0,0,0,0,0,0,0,0,0
iclarified.com,1,0,0,0,0,0,0,0,0,0,0,0
androidandme.com,1,0,0,0,0,0,0,0,0,0,0,0
cp24.com,1,0,0,0,0,0,0,0,0,0,0,0
vox.com,1,0,0,0,0,0,0,0,0,0,0,0
dailytech.com,1,0,0,0,0,0,0,0,0,0,0,0
betanews.com,1,0,0,0,0,0,0,0,0,0,0,0
theindychannel.com,1,0,0,0,0,0,0,0,0,0,0,0
post-gazette.com,1,0,0,0,0,0,0,0,0,0,0,0
ptinews.com,1,0,0,0,0,0,0,0,0,0,0,0
pix11.com,1,0,0,0,0,0,0,0,0,0,0,0
postbulletin.com,1,0,0,0,0,0,0,0,0,0,0,0
deseretnews.com,1,0,0,0,0,0,0,0,0,0,0,0
afr.com,1,0,0,0,0,0,0,0,0,0,0,0
goerie.com,1,0,0,0,0,0,0,0,0,0,0,0
therecord.com,1,0,0,0,0,0,0,0,0,0,0,0
scotsman.com,1,0,0,0,0,0,0,0,0,0,0,0
breathecast.com,1,0,0,0,0,0,0,0,0,0,0,0
ontheredcarpet.com,1,0,0,0,0,0,0,0,0,0,0,0
product-reviews.net,1,0,0,0,0,0,0,0,0,0,0,0
christiantoday.com,1,0,0,0,0,0,0,0,0,0,0,0
comingsoon.net,1,0,0,0,0,0,0,0,0,0,0,0
solarnews.ph,1,0,0,0,0,0,0,0,0,0,0,0
lfpress.com,1,0,0,0,0,0,0,0,0,0,0,0
dailyherald.com,1,0,0,0,0,0,0,0,0,0,0,0
cbronline.com,1,0,0,0,0,0,0,0,0,0,0,0
marshfieldnewsherald.com,1,0,0,0,0,0,0,0,0,0,0,0
eurweb.com,1,0,0,0,0,0,0,0,0,0,0,0
kolotv.com,1,0,0,0,0,0,0,0,0,0,0,0
techienews.co.uk,1,0,0,0,0,0,0,0,0,0,0,0
informationweek.com,1,0,0,0,0,0,0,0,0,0,0,0
wbur.org,1,0,0,0,0,0,0,0,0,0,0,0
idigitaltimes.com,1,0,0,0,0,0,0,0,0,0,0,0
wboc.com,1,0,0,0,0,0,0,0,0,0,0,0
staradvertiser.com,1,0,0,0,0,0,0,0,0,0,0,0
macrumors.com,1,0,0,0,0,0,0,0,0,0,0,0
mobilesyrup.com,1,0,0,0,0,0,0,0,0,0,0,0
wwmt.com,1,0,0,0,0,0,0,0,0,0,0,0
allmediany.com,1,0,0,0,0,0,0,0,0,0,0,0
mnn.com,1,0,0,0,0,0,0,0,0,0,0,0
wltx.com,1,0,0,0,0,0,0,0,0,0,0,0
policymic.com,1,0,0,0,0,0,0,0,0,0,0,0
vcpost.com,1,0,0,0,0,0,0,0,0,0,0,0
nation.com.pk,1,0,0,0,0,0,0,0,0,0,0,0
thenewage.co.za,1,0,0,0,0,0,0,0,0,0,0,0
zeibiz.com,1,0,0,0,0,0,0,0,0,0,0,0
wwlp.com,1,0,0,0,0,0,0,0,0,0,0,0
newstalkzb.co.nz,1,0,0,0,0,0,0,0,0,0,0,0
moviefanatic.com,1,0,0,0,0,0,0,0,0,0,0,0
timeslive.co.za,1,0,0,0,0,0,0,0,0,0,0,0
charlotteobserver.com,1,0,0,0,0,0,0,0,0,0,0,0
v3.co.uk,1,0,0,0,0,0,0,0,0,0,0,0
iafrica.com,1,0,0,0,0,0,0,0,0,0,0,0
vice.com,1,0,0,0,0,0,0,0,0,0,0,0
gamespot.com,1,0,0,0,0,0,0,0,0,0,0,0
theslanted.com,1,0,0,0,0,0,0,0,0,0,0,0
itweb.co.za,1,0,0,0,0,0,0,0,0,0,0,0
jsonline.com,1,0,0,0,0,0,0,0,0,0,0,0
dailynews.com,1,0,0,0,0,0,0,0,0,0,0,0
news92fm.com,1,0,0,0,0,0,0,0,0,0,0,0
gizmodo.co.uk,1,0,0,0,0,0,0,0,0,0,0,0
empr.com,1,0,0,0,0,0,0,0,0,0,0,0
einnews.com,1,0,0,0,0,0,0,0,0,0,0,0
ryot.org,1,0,0,0,0,0,0,0,0,0,0,0
virtualpressoffice.com,1,0,0,0,0,0,0,0,0,0,0,0
tbo.com,1,0,0,0,0,0,0,0,0,0,0,0
theglobaldispatch.com,1,0,0,0,0,0,0,0,0,0,0,0
spyghana.com,1,0,0,0,0,0,0,0,0,0,0,0
toledoblade.com,1,0,0,0,0,0,0,0,0,0,0,0
pcpro.co.uk,1,0,0,0,0,0,0,0,0,0,0,0
khou.com,1,0,0,0,0,0,0,0,0,0,0,0
buddytv.com,1,0,0,0,0,0,0,0,0,0,0,0
thenational.ae,1,0,0,0,0,0,0,0,0,0,0,0
malaysiandigest.com,1,0,0,0,0,0,0,0,0,0,0,0
thisismoney.co.uk,1,0,0,0,0,0,0,0,0,0,0,0
alaskadispatch.com,1,0,0,0,0,0,0,0,0,0,0,0
mydaily.co.uk,1,0,0,0,0,0,0,0,0,0,0,0
thealmagest.com,1,0,0,0,0,0,0,0,0,0,0,0
nj1015.com,1,0,0,0,0,0,0,0,0,0,0,0
windsorstar.com,1,0,0,0,0,0,0,0,0,0,0,0
rep-am.com,1,0,0,0,0,0,0,0,0,0,0,0
newsfactor.com,1,0,0,0,0,0,0,0,0,0,0,0
augusta.com,1,0,0,0,0,0,0,0,0,0,0,0
koreaherald.com,1,0,0,0,0,0,0,0,0,0,0,0
wpcentral.com,1,0,0,0,0,0,0,0,0,0,0,0
bloombergview.com,1,0,0,0,0,0,0,0,0,0,0,0
abqjournal.com,1,0,0,0,0,0,0,0,0,0,0,0
healthcanal.com,1,0,0,0,0,0,0,0,0,0,0,0
breakingnews.ie,1,0,0,0,0,0,0,0,0,0,0,0
gamenguide.com,1,0,0,0,0,0,0,0,0,0,0,0
techhive.com,1,0,0,0,0,0,0,0,0,0,0,0
atlantablackstar.com,1,0,0,0,0,0,0,0,0,0,0,0
omaha.com,1,0,0,0,0,0,0,0,0,0,0,0
dailyrecord.co.uk,1,0,0,0,0,0,0,0,0,0,0,0
thedailystar.net,1,0,0,0,0,0,0,0,0,0,0,0
eaglesrant.com,1,0,0,0,0,0,0,0,0,0,0,0
menafn.com,1,0,0,0,0,0,0,0,0,0,0,0
vh1.com,1,0,0,0,0,0,0,0,0,0,0,0
mediabistro.com,1,0,0,0,0,0,0,0,0,0,0,0
postandcourier.com,1,0,0,0,0,0,0,0,0,0,0,0
interaksyon.com,1,0,0,0,0,0,0,0,0,0,0,0
ianslive.in,1,0,0,0,0,0,0,0,0,0,0,0
thefinancialexpress-bd.com,1,0,0,0,0,0,0,0,0,0,0,0
socialnewsdaily.com,1,0,0,0,0,0,0,0,0,0,0,0
xxlmag.com,1,0,0,0,0,0,0,0,0,0,0,0
watchlistnews.com,1,0,0,0,0,0,0,0,0,0,0,0
bnn.ca,1,0,0,0,0,0,0,0,0,0,0,0
scpr.org,1,0,0,0,0,0,0,0,0,0,0,0
ocregister.com,1,0,0,0,0,0,0,0,0,0,0,0
wired.co.uk,1,0,0,0,0,0,0,0,0,0,0,0
washingtonexaminer.com,1,0,0,0,0,0,0,0,0,0,0,0
turnto23.com,1,0,0,0,0,0,0,0,0,0,0,0
techspot.com,1,0,0,0,0,0,0,0,0,0,0,0
jutiagroup.com,1,0,0,0,0,0,0,0,0,0,0,0
emag.co.uk,1,0,0,0,0,0,0,0,0,0,0,0
travelerstoday.com,1,0,0,0,0,0,0,0,0,0,0,0
medpagetoday.com,1,0,0,0,0,0,0,0,0,0,0,0
heraldonline.com,1,0,0,0,0,0,0,0,0,0,0,0
trust.org,1,0,0,0,0,0,0,0,0,0,0,0
thehimalayantimes.com,1,0,0,0,0,0,0,0,0,0,0,0
manufacturing.net,1,0,0,0,0,0,0,0,0,0,0,0
wjla.com,1,0,0,0,0,0,0,0,0,0,0,0
bellinghamherald.com,1,0,0,0,0,0,0,0,0,0,0,0
spin.com,1,0,0,0,0,0,0,0,0,0,0,0
webmd.com,1,0,0,0,0,0,0,0,0,0,0,0
itpro.co.uk,1,0,0,0,0,0,0,0,0,0,0,0
techweekeurope.co.uk,1,0,0,0,0,0,0,0,0,0,0,0
opptrends.com,1,0,0,0,0,0,0,0,0,0,0,0
laboratoryequipment.com,1,0,0,0,0,0,0,0,0,0,0,0
inautonews.com,1,0,0,0,0,0,0,0,0,0,0,0
austriantribune.com,1,0,0,0,0,0,0,0,0,0,0,0
wxyz.com,1,0,0,0,0,0,0,0,0,0,0,0
intouchweekly.com,1,0,0,0,0,0,0,0,0,0,0,0
expatica.com,1,0,0,0,0,0,0,0,0,0,0,0
newsnet5.com,1,0,0,0,0,0,0,0,0,0,0,0
madison.com,1,0,0,0,0,0,0,0,0,0,0,0
tvweek.com,1,0,0,0,0,0,0,0,0,0,0,0
elle.com,1,0,0,0,0,0,0,0,0,0,0,0
clickondetroit.com,1,0,0,0,0,0,0,0,0,0,0,0
komonews.com,1,0,0,0,0,0,0,0,0,0,0,0
networkworld.com,1,0,0,0,0,0,0,0,0,0,0,0
androidpolice.com,1,0,0,0,0,0,0,0,0,0,0,0
azstarnet.com,1,0,0,0,0,0,0,0,0,0,0,0
ottawacitizen.com,1,0,0,0,0,0,0,0,0,0,0,0
fanlala.com,1,0,0,0,0,0,0,0,0,0,0,0
enewspf.com,1,0,0,0,0,0,0,0,0,0,0,0
thinkprogress.org,1,0,0,0,0,0,0,0,0,0,0,0
torontosun.com,1,0,0,0,0,0,0,0,0,0,0,0
vindy.com,1,0,0,0,0,0,0,0,0,0,0,0
businesstech.co.za,1,0,0,0,0,0,0,0,0,0,0,0
kpvi.com,1,0,0,0,0,0,0,0,0,0,0,0
afterdawn.com,1,0,0,0,0,0,0,0,0,0,0,0
ewn.co.za,1,0,0,0,0,0,0,0,0,0,0,0
dailytimes.com.ng,1,0,0,0,0,0,0,0,0,0,0,0
classicalite.com,1,0,0,0,0,0,0,0,0,0,0,0
weartv.com,1,0,0,0,0,0,0,0,0,0,0,0
multichannel.com,1,0,0,0,0,0,0,0,0,0,0,0
providencejournal.com,1,0,0,0,0,0,0,0,0,0,0,0
theday.com,1,0,0,0,0,0,0,0,0,0,0,0
trivalleycentral.com,1,0,0,0,0,0,0,0,0,0,0,0
medicalnewstoday.com,1,0,0,0,0,0,0,0,0,0,0,0
infoworld.com,1,0,0,0,0,0,0,0,0,0,0,0
fastcompany.com,1,0,0,0,0,0,0,0,0,0,0,0
themarysue.com,1,0,0,0,0,0,0,0,0,0,0,0
wtop.com,1,0,0,0,0,0,0,0,0,0,0,0
key103.co.uk,1,0,0,0,0,0,0,0,0,0,0,0
dailylife.com.au,1,0,0,0,0,0,0,0,0,0,0,0
screenrant.com,1,0,0,0,0,0,0,0,0,0,0,0
knowyourmobile.com,1,0,0,0,0,0,0,0,0,0,0,0
thegloss.com,1,0,0,0,0,0,0,0,0,0,0,0
columbian.com,1,0,0,0,0,0,0,0,0,0,0,0
mantecabulletin.com,1,0,0,0,0,0,0,0,0,0,0,0
columbiatribune.com,1,0,0,0,0,0,0,0,0,0,0,0
hlntv.com,1,0,0,0,0,0,0,0,0,0,0,0
flickeringmyth.com,1,0,0,0,0,0,0,0,0,0,0,0
highlightpress.com,1,0,0,0,0,0,0,0,0,0,0,0
moneymorning.com,1,0,0,0,0,0,0,0,0,0,0,0
siliconbeat.com,1,0,0,0,0,0,0,0,0,0,0,0
mbtmag.com,1,0,0,0,0,0,0,0,0,0,0,0
etfdailynews.com,1,0,0,0,0,0,0,0,0,0,0,0
polygon.com,1,0,0,0,0,0,0,0,0,0,0,0
greenbaypressgazette.com,1,0,0,0,0,0,0,0,0,0,0,0
bleedingcool.com,1,0,0,0,0,0,0,0,0,0,0,0
monstersandcritics.com,1,0,0,0,0,0,0,0,0,0,0,0
fuse.tv,1,0,0,0,0,0,0,0,0,0,0,0
taipeitimes.com,1,0,0,0,0,0,0,0,0,0,0,0
thefiscaltimes.com,1,0,0,0,0,0,0,0,0,0,0,0
entrepreneur.com,1,0,0,0,0,0,0,0,0,0,0,0
mybroadband.co.za,1,0,0,0,0,0,0,0,0,0,0,0
tvgrapevine.com,1,0,0,0,0,0,0,0,0,0,0,0
gazette.com,1,0,0,0,0,0,0,0,0,0,0,0
sacbee.com,1,0,0,0,0,0,0,0,0,0,0,0
schaeffersresearch.com,1,0,0,0,0,0,0,0,0,0,0,0
kcra.com,1,0,0,0,0,0,0,0,0,0,0,0
xinhuanet.com,1,0,0,0,0,0,0,0,0,0,0,0
lifeandstylemag.com,1,0,0,0,0,0,0,0,0,0,0,0
thefrisky.com,1,0,0,0,0,0,0,0,0,0,0,0
ecumenicalnews.com,1,0,0,0,0,0,0,0,0,0,0,0
cri.cn,1,0,0,0,0,0,0,0,0,0,0,0
bdnews24.com,1,0,0,0,0,0,0,0,0,0,0,0
inferse.com,1,0,0,0,0,0,0,0,0,0,0,0
madamenoire.com,1,0,0,0,0,0,0,0,0,0,0,0
gosanangelo.com,1,0,0,0,0,0,0,0,0,0,0,0
techinsider.net,1,0,0,0,0,0,0,0,0,0,0,0
realityrewind.com,1,0,0,0,0,0,0,0,0,0,0,0
miamiherald.com,1,0,0,0,0,0,0,0,0,0,0,0
cio-today.com,1,0,0,0,0,0,0,0,0,0,0,0
fresnobee.com,1,0,0,0,0,0,0,0,0,0,0,0
therakyatpost.com,1,0,0,0,0,0,0,0,0,0,0,0
franchiseherald.com,1,0,0,0,0,0,0,0,0,0,0,0
ketknbc.com,1,0,0,0,0,0,0,0,0,0,0,0
radiotimes.com,1,0,0,0,0,0,0,0,0,0,0,0
nationalledger.com,1,0,0,0,0,0,0,0,0,0,0,0
fox8.com,1,0,0,0,0,0,0,0,0,0,0,0
carlow-nationalist.ie,1,0,0,0,0,0,0,0,0,0,0,0
moneyweb.co.za,1,0,0,0,0,0,0,0,0,0,0,0
u.tv,1,0,0,0,0,0,0,0,0,0,0,0
stuff.tv,1,0,0,0,0,0,0,0,0,0,0,0
zolmax.com,1,0,0,0,0,0,0,0,0,0,0,0
ohio.com,1,0,0,0,0,0,0,0,0,0,0,0
aninews.in,1,0,0,0,0,0,0,0,0,0,0,0
newswise.com,1,0,0,0,0,0,0,0,0,0,0,0
globaltimes.cn,1,0,0,0,0,0,0,0,0,0,0,0
autoevolution.com,1,0,0,0,0,0,0,0,0,0,0,0
newsobserver.com,1,0,0,0,0,0,0,0,0,0,0,0
thenews.com.pk,1,0,0,0,0,0,0,0,0,0,0,0
kmov.com,1,0,0,0,0,0,0,0,0,0,0,0
9to5mac.com,1,0,0,0,0,0,0,0,0,0,0,0
tvfanatic.com,1,0,0,0,0,0,0,0,0,0,0,0
kildare-nationalist.ie,1,0,0,0,0,0,0,0,0,0,0,0
culturemob.com,1,0,0,0,0,0,0,0,0,0,0,0
fox6now.com,1,0,0,0,0,0,0,0,0,0,0,0
gothamist.com,1,0,0,0,0,0,0,0,0,0,0,0
modernhealthcare.com,1,0,0,0,0,0,0,0,0,0,0,0
mobileburn.com,1,0,0,0,0,0,0,0,0,0,0,0
wkyc.com,1,0,0,0,0,0,0,0,0,0,0,0
cio.com,1,0,0,0,0,0,0,0,0,0,0,0
broadcastingcable.com,1,0,0,0,0,0,0,0,0,0,0,0
hiphollywood.com,1,0,0,0,0,0,0,0,0,0,0,0
ktar.com,1,0,0,0,0,0,0,0,0,0,0,0
stevenspointjournal.com,1,0,0,0,0,0,0,0,0,0,0,0
kyivpost.com,1,0,0,0,0,0,0,0,0,0,0,0
scoop.co.nz,1,0,0,0,0,0,0,0,0,0,0,0
consumerelectronicsnet.com,1,0,0,0,0,0,0,0,0,0,0,0
kfbk.com,1,0,0,0,0,0,0,0,0,0,0,0
baltimoresun.com,1,0,0,0,0,0,0,0,0,0,0,0
nhregister.com,1,0,0,0,0,0,0,0,0,0,0,0
360nobs.com,1,0,0,0,0,0,0,0,0,0,0,0
theatlantic.com,1,0,0,0,0,0,0,0,0,0,0,0
adweek.com,1,0,0,0,0,0,0,0,0,0,0,0
nationaljournal.com,1,0,0,0,0,0,0,0,0,0,0,0
jamestownsun.com,1,0,0,0,0,0,0,0,0,0,0,0
baystreet.ca,1,0,0,0,0,0,0,0,0,0,0,0
filmschoolrejects.com,1,0,0,0,0,0,0,0,0,0,0,0
thestate.com,1,0,0,0,0,0,0,0,0,0,0,0
flavorwire.com,1,0,0,0,0,0,0,0,0,0,0,0
macobserver.com,1,0,0,0,0,0,0,0,0,0,0,0
dailysabah.com,1,0,0,0,0,0,0,0,0,0,0,0
thenextdigit.com,1,0,0,0,0,0,0,0,0,0,0,0
wallstreetpit.com,1,0,0,0,0,0,0,0,0,0,0,0
wallstreetpr.com,1,0,0,0,0,0,0,0,0,0,0,0
chicagonow.com,1,0,0,0,0,0,0,0,0,0,0,0
canadianreviewer.com,1,0,0,0,0,0,0,0,0,0,0,0
pressdemocrat.com,1,0,0,0,0,0,0,0,0,0,0,0
twincities.com,1,0,0,0,0,0,0,0,0,0,0,0
theboombox.com,1,0,0,0,0,0,0,0,0,0,0,0
ksat.com,1,0,0,0,0,0,0,0,0,0,0,0
science20.com,1,0,0,0,0,0,0,0,0,0,0,0
flicksandbits.com,1,0,0,0,0,0,0,0,0,0,0,0
stv.tv,1,0,0,0,0,0,0,0,0,0,0,0
newindianexpress.com,1,0,0,0,0,0,0,0,0,0,0,0
firstshowing.net,1,0,0,0,0,0,0,0,0,0,0,0
bradenton.com,1,0,0,0,0,0,0,0,0,0,0,0
radio.com,1,0,0,0,0,0,0,0,0,0,0,0
wibw.com,1,0,0,0,0,0,0,0,0,0,0,0
stupiddope.com,1,0,0,0,0,0,0,0,0,0,0,0
forexminute.com,1,0,0,0,0,0,0,0,0,0,0,0
vg247.com,1,0,0,0,0,0,0,0,0,0,0,0
android.gs,1,0,0,0,0,0,0,0,0,0,0,0
tomsguide.com,1,0,0,0,0,0,0,0,0,0,0,0
denofgeek.com,1,0,0,0,0,0,0,0,0,0,0,0
wrcbtv.com,1,0,0,0,0,0,0,0,0,0,0,0
computerandvideogames.com,1,0,0,0,0,0,0,0,0,0,0,0
naharnet.com,1,0,0,0,0,0,0,0,0,0,0,0
freshbusinessthinking.com,1,0,0,0,0,0,0,0,0,0,0,0
edgeonthenet.com,1,0,0,0,0,0,0,0,0,0,0,0
jacksonville.com,1,0,0,0,0,0,0,0,0,0,0,0
bringmethenews.com,1,0,0,0,0,0,0,0,0,0,0,0
kgw.com,1,0,0,0,0,0,0,0,0,0,0,0
discovery.com,1,0,0,0,0,0,0,0,0,0,0,0
allieiswired.com,1,0,0,0,0,0,0,0,0,0,0,0
mydigitalfc.com,1,0,0,0,0,0,0,0,0,0,0,0
fudzilla.com,1,0,0,0,0,0,0,0,0,0,0,0
statesman.com,1,0,0,0,0,0,0,0,0,0,0,0
